player,team,opponent,venue,p_1plus_goals,p_2plus_goals,p_3plus_goals,p_15plus_disp,p_20plus_disp,p_25plus_disp,p_30plus_disp,predicted_goals,predicted_disposals
"King, Ben",Gold Coast,West Coast,People First Stadium,0.3542,0.1496,0.0769,0.4771,0.2685,0.0925,0.0424,2.5551,10.18
"Georgiades, Mitch",Port Adelaide,North Melbourne,Marvel Stadium,0.3542,0.1496,0.0769,0.4966,0.2685,0.1199,0.0424,2.3447,12.08
"Naughton, Aaron",Western Bulldogs,Greater Western Sydney,Marvel Stadium,0.3542,0.1496,0.051,0.4966,0.2685,0.1199,0.0424,2.164,11.34
"Long, Ben",Gold Coast,West Coast,People First Stadium,0.3542,0.1496,0.051,0.4771,0.2685,0.0925,0.0424,1.7888,10.63
"Humphrey, Bailey",Gold Coast,West Coast,People First Stadium,0.3542,0.1496,0.051,0.4966,0.2685,0.1199,0.0424,1.6856,12.55
"Stengle, Tyson",Geelong,Fremantle,GMHBA Stadium,0.3542,0.1496,0.051,0.4966,0.2685,0.1199,0.0424,1.6353,11.97
"Larkey, Nick",North Melbourne,Port Adelaide,Marvel Stadium,0.3542,0.1496,0.0769,0.4771,0.2685,0.0925,0.0424,2.3731,10.96
"Darling, Jack",North Melbourne,Port Adelaide,Marvel Stadium,0.3506,0.1496,0.051,0.4966,0.2685,0.1199,0.0424,1.7226,11.42
"Stringer, Jake",Greater Western Sydney,Western Bulldogs,Marvel Stadium,0.3506,0.1496,0.051,0.4771,0.2683,0.0925,0.0424,1.491,8.87
"Chol, Mabior",Hawthorn,Essendon,MCG,0.3506,0.1496,0.051,0.4966,0.2685,0.1199,0.0424,1.5063,11.04
"Lewis, Mitch",Hawthorn,Essendon,MCG,0.3506,0.1496,0.051,0.4771,0.2683,0.0925,0.0424,1.5143,9.5
"Zurhaar, Cameron",North Melbourne,Port Adelaide,Marvel Stadium,0.3506,0.1496,0.051,0.4771,0.2685,0.0925,0.0424,1.6781,10.33
"Morris, Logan",Brisbane Lions,Sydney,SCG,0.3506,0.1496,0.051,0.4771,0.2683,0.0925,0.0424,1.7431,9.57
"Elliott, Jamie",Collingwood,Adelaide,MCG,0.3506,0.1496,0.051,0.4966,0.2685,0.1199,0.0424,1.7854,11.69
"Darcy, Sam",Western Bulldogs,Greater Western Sydney,Marvel Stadium,0.3506,0.1496,0.051,0.4966,0.2685,0.1199,0.0424,1.7925,11.63
"Walker, Taylor",Adelaide,Collingwood,MCG,0.3506,0.1496,0.051,0.4966,0.2685,0.1199,0.0424,1.8494,11.92
"McKay, Harry",Carlton,Richmond,MCG,0.3506,0.1496,0.051,0.4966,0.2685,0.1199,0.0424,1.9278,14.05
"Cameron, Jeremy",Geelong,Fremantle,GMHBA Stadium,0.3506,0.1496,0.0769,0.4966,0.2685,0.1199,0.0424,2.2465,11.31
"Walter, Jed",Gold Coast,West Coast,People First Stadium,0.3299,0.1496,0.051,0.4771,0.2683,0.0925,0.0424,1.5269,9.51
"Hayward, Will",Carlton,Richmond,MCG,0.3299,0.1257,0.0502,0.4771,0.2685,0.0925,0.0424,1.3368,10.38
"Moir, Ashton",Carlton,Richmond,MCG,0.3299,0.1496,0.0502,0.4771,0.2685,0.0925,0.0424,1.4109,9.89
"Weightman, Cody",Western Bulldogs,Greater Western Sydney,Marvel Stadium,0.3299,0.1496,0.0502,0.4966,0.2685,0.1199,0.0424,1.4198,11.9
"West, Rhylee",Western Bulldogs,Greater Western Sydney,Marvel Stadium,0.3299,0.1496,0.0504,0.4966,0.2685,0.1199,0.0424,1.431,11.83
"Greene, Toby",Greater Western Sydney,Western Bulldogs,Marvel Stadium,0.3299,0.1496,0.0502,0.4966,0.2685,0.1199,0.0424,1.4417,13.15
"Thilthorpe, Riley",Adelaide,Collingwood,MCG,0.3299,0.1496,0.051,0.4966,0.2685,0.1199,0.0424,1.5191,12.17
"Curtis, Paul",North Melbourne,Port Adelaide,Marvel Stadium,0.3299,0.1496,0.051,0.4771,0.2685,0.0925,0.0424,1.5388,10.59
"Melksham, Jake",Melbourne,St Kilda,MCG,0.3299,0.1496,0.051,0.4771,0.2685,0.0925,0.0424,1.5707,10.06
"Treacy, Josh",Fremantle,Geelong,GMHBA Stadium,0.3299,0.1496,0.051,0.4966,0.2685,0.1199,0.0424,1.6162,11.88
"Fritsch, Bayley",Melbourne,St Kilda,MCG,0.3299,0.1496,0.051,0.4966,0.2685,0.1199,0.0424,1.6496,12.69
"Lynch, Tom",Richmond,Carlton,MCG,0.3299,0.1496,0.051,0.4771,0.2685,0.0925,0.0424,1.9614,10.11
"Trembath, Cooper",North Melbourne,Port Adelaide,Marvel Stadium,0.3299,0.1496,0.0692,0.4771,0.2683,0.0925,0.0424,2.1428,9.44
"Gunston, Jack",Hawthorn,Essendon,MCG,0.3299,0.1496,0.0769,0.4771,0.2685,0.0925,0.0424,2.2112,10.95
"King, Max",St Kilda,Melbourne,MCG,0.3299,0.1496,0.051,0.4966,0.2685,0.1199,0.0424,1.5642,11.43
"Clark, Jordan",Fremantle,Geelong,GMHBA Stadium,0.3296,0.1254,0.0502,0.5245,0.3126,0.1456,0.0563,0.2306,20.47
"Ashcroft, Levi",Brisbane Lions,Sydney,SCG,0.3296,0.1254,0.0502,0.4966,0.2685,0.1199,0.0424,0.2219,14.86
"Darcy, Sean",Fremantle,Geelong,GMHBA Stadium,0.3296,0.1254,0.0496,0.4966,0.2685,0.1199,0.0424,0.2274,11.87
"Boxshall, Hugh",St Kilda,Melbourne,MCG,0.3296,0.1254,0.0502,0.4966,0.2685,0.1199,0.0424,0.2272,12.36
"Dunkley, Josh",Brisbane Lions,Sydney,SCG,0.3296,0.1254,0.0502,0.5245,0.3126,0.1456,0.0526,0.2255,18.79
"Berry, Jarrod",Brisbane Lions,Sydney,SCG,0.3296,0.1254,0.0502,0.5222,0.2788,0.1301,0.0526,0.2248,16.4
"Lord, Cooper",Carlton,Richmond,MCG,0.3296,0.1254,0.0502,0.5245,0.3126,0.1301,0.0526,0.2246,17.46
"Coleman, Keidean",Brisbane Lions,Sydney,SCG,0.3296,0.1254,0.0502,0.5222,0.3118,0.1301,0.0526,0.2245,16.73
"Sholl, Lachlan",Adelaide,Collingwood,MCG,0.3296,0.1254,0.0502,0.4966,0.2685,0.1199,0.0424,0.2197,15.58
"Wagner, Corey",Fremantle,Geelong,GMHBA Stadium,0.3296,0.1254,0.0502,0.4966,0.2685,0.1199,0.0424,0.2218,12.4
"Mead, Jackson",Port Adelaide,North Melbourne,Marvel Stadium,0.3296,0.1254,0.0502,0.4966,0.2685,0.1199,0.0424,0.2214,12.23
"Camporeale, Lucas",Carlton,Richmond,MCG,0.3296,0.1254,0.0496,0.4966,0.2685,0.1199,0.0424,0.2158,11.86
"Cleary, Caiden",Sydney,Brisbane Lions,SCG,0.3296,0.1254,0.0502,0.4771,0.2685,0.0925,0.0424,0.214,10.25
"Davies, Hugh",Fremantle,Geelong,GMHBA Stadium,0.3296,0.1254,0.0502,0.4771,0.2683,0.0925,0.0424,0.2094,9.0
"Johnson, Matthew",Fremantle,Geelong,GMHBA Stadium,0.3296,0.1254,0.0502,0.5222,0.2685,0.1199,0.0424,0.2093,16.12
"Noble, John",Gold Coast,West Coast,People First Stadium,0.3296,0.1254,0.0502,0.5245,0.3126,0.1456,0.0563,0.2086,22.75
"Young, Lewis",Carlton,Richmond,MCG,0.3296,0.1254,0.0502,0.4966,0.2685,0.1199,0.0424,0.2285,11.27
"Burgoyne, Jase",Port Adelaide,North Melbourne,Marvel Stadium,0.3296,0.1254,0.0502,0.5222,0.2685,0.1199,0.0424,0.2493,16.14
"Impey, Jarman",Hawthorn,Essendon,MCG,0.3296,0.1254,0.0502,0.5245,0.3126,0.1456,0.0526,0.2317,19.4
"Tsatas, Elijah",Essendon,Hawthorn,MCG,0.3296,0.1254,0.0502,0.4966,0.2685,0.1199,0.0424,0.2452,15.15
"Scott, Bailey",North Melbourne,Port Adelaide,Marvel Stadium,0.3296,0.1254,0.0502,0.4966,0.2685,0.1199,0.0424,0.2499,13.04
"Newman, Nic",Carlton,Richmond,MCG,0.3296,0.1254,0.0502,0.5245,0.4,0.1456,0.125,0.2077,25.66
"Xerri, Tristan",North Melbourne,Port Adelaide,Marvel Stadium,0.3296,0.1206,0.0456,0.5222,0.3118,0.1301,0.0526,0.2481,17.03
"Gallagher, Harvey",Western Bulldogs,Greater Western Sydney,Marvel Stadium,0.3296,0.1254,0.0502,0.4966,0.2685,0.1199,0.0424,0.2478,11.28
"Ward, Josh",Hawthorn,Essendon,MCG,0.3296,0.1254,0.0502,0.5245,0.3126,0.1301,0.0526,0.2458,17.93
"Andrew, Mac",Gold Coast,West Coast,People First Stadium,0.3296,0.1254,0.0502,0.4966,0.2685,0.1199,0.0424,0.2458,14.38
"Fort, Darcy",Brisbane Lions,Sydney,SCG,0.3296,0.1254,0.0496,0.4771,0.2685,0.0925,0.0424,0.2431,10.52
"Sinclair, Jack",St Kilda,Melbourne,MCG,0.3296,0.1254,0.0502,0.5245,0.4,0.1456,0.0962,0.234,25.33
"Grundy, Brodie",Sydney,Brisbane Lions,SCG,0.3296,0.1254,0.0496,0.5245,0.3126,0.1456,0.0526,0.2416,18.12
"Graham, Jack",West Coast,Gold Coast,People First Stadium,0.3296,0.1254,0.0502,0.5245,0.3126,0.1301,0.0526,0.2406,17.88
"Sweet, Jordon",Port Adelaide,North Melbourne,Marvel Stadium,0.3296,0.1254,0.0496,0.4966,0.2685,0.1199,0.0424,0.2386,12.69
"Morrison, Harry",Hawthorn,Essendon,MCG,0.3296,0.1254,0.0502,0.5222,0.3118,0.1301,0.0526,0.2385,16.95
"Byrnes, Ryan",St Kilda,Melbourne,MCG,0.3296,0.1254,0.0502,0.4966,0.2685,0.1199,0.0424,0.2384,13.94
"Hollands, Oliver",Carlton,Richmond,MCG,0.3296,0.1254,0.0496,0.5245,0.3126,0.1456,0.0563,0.2355,21.16
"Gross, Tom",West Coast,Gold Coast,People First Stadium,0.3296,0.1254,0.0502,0.4771,0.2685,0.0925,0.0424,0.2081,9.77
"Conway, Toby",Geelong,Fremantle,GMHBA Stadium,0.3296,0.1254,0.0456,0.4966,0.2685,0.1199,0.0424,0.1839,13.45
"Steele, Roan",Collingwood,Adelaide,MCG,0.3296,0.1254,0.0502,0.4771,0.2685,0.1199,0.0424,0.2059,11.02
"Hustwaite, Henry",Hawthorn,Essendon,MCG,0.3296,0.1254,0.0496,0.4966,0.2685,0.1199,0.0424,0.1745,11.96
"McAuliffe, Kane",Richmond,Carlton,MCG,0.3296,0.1254,0.0502,0.4966,0.2685,0.1199,0.0424,0.181,14.3
"Simpson, Cooper",Fremantle,Geelong,GMHBA Stadium,0.3296,0.1254,0.0502,0.4966,0.2685,0.1199,0.0424,0.1795,11.32
"Amon, Karl",Hawthorn,Essendon,MCG,0.3296,0.1254,0.0496,0.5245,0.3126,0.1456,0.0563,0.1786,23.41
"McDonald, Oscar",Fremantle,Geelong,GMHBA Stadium,0.3296,0.1254,0.0502,0.4771,0.2685,0.0925,0.0424,0.1766,10.75
"Wilmot, Darcy",Brisbane Lions,Sydney,SCG,0.3296,0.1254,0.0502,0.5245,0.3126,0.1456,0.0526,0.1757,18.44
"Wilson, Billy",Carlton,Richmond,MCG,0.3296,0.1254,0.0496,0.4966,0.2685,0.1199,0.0424,0.1748,13.46
"Perryman, Harry",Collingwood,Adelaide,MCG,0.3296,0.1254,0.0502,0.4966,0.2685,0.1199,0.0424,0.1734,15.09
"Marshall, Sam",Brisbane Lions,Sydney,SCG,0.3296,0.1254,0.0502,0.4966,0.2685,0.1199,0.0424,0.1816,11.54
"Macrae, Jack",St Kilda,Melbourne,MCG,0.3296,0.1254,0.0496,0.5245,0.3119,0.1301,0.0526,0.168,17.06
"Roberts, Archie",Essendon,Hawthorn,MCG,0.3296,0.1254,0.0496,0.5245,0.4,0.1456,0.0793,0.1671,25.19
"Ballard, Charlie",Gold Coast,West Coast,People First Stadium,0.3296,0.1254,0.0502,0.4966,0.2685,0.1199,0.0424,0.1668,12.56
"Cameron, Darcy",Collingwood,Adelaide,MCG,0.3296,0.1254,0.0496,0.4966,0.2685,0.1199,0.0424,0.1654,15.82
"Erasmus, Neil",Fremantle,Geelong,GMHBA Stadium,0.3296,0.1254,0.0496,0.4966,0.2685,0.1199,0.0424,0.1626,14.77
"Nankervis, Luke",Adelaide,Collingwood,MCG,0.3296,0.1254,0.0496,0.4966,0.2685,0.1199,0.0424,0.1607,13.01
"Wicks, Sam",Sydney,Brisbane Lions,SCG,0.3296,0.1254,0.0502,0.4966,0.2685,0.1199,0.0424,0.1814,14.96
"Ash, Lachie",Greater Western Sydney,Western Bulldogs,Marvel Stadium,0.3296,0.1254,0.0496,0.5245,0.4,0.1456,0.0684,0.183,25.1
"Baker, Oskar",Western Bulldogs,Greater Western Sydney,Marvel Stadium,0.3296,0.1254,0.0502,0.4966,0.2685,0.1199,0.0424,0.2025,13.56
"Bice, Riley",Sydney,Brisbane Lions,SCG,0.3296,0.1254,0.0502,0.4966,0.2685,0.1199,0.0424,0.1906,11.43
"Clark, Hunter",St Kilda,Melbourne,MCG,0.3296,0.1254,0.0502,0.5245,0.3126,0.1301,0.0526,0.2025,17.12
"Setterfield, Will",Essendon,Hawthorn,MCG,0.3296,0.1254,0.0496,0.5245,0.3126,0.1456,0.0526,0.2018,19.49
"Curtin, Daniel",Adelaide,Collingwood,MCG,0.3296,0.1254,0.0502,0.4966,0.2685,0.1199,0.0424,0.2013,14.11
"Sharp, Jeremy",Fremantle,Geelong,GMHBA Stadium,0.3296,0.1254,0.0502,0.4966,0.2685,0.1199,0.0424,0.1984,12.64
"Powell, Wil",Gold Coast,West Coast,People First Stadium,0.3296,0.1254,0.0502,0.5245,0.3126,0.1301,0.0526,0.1962,17.21
"Witts, Jarrod",Gold Coast,West Coast,People First Stadium,0.3296,0.1254,0.0496,0.4966,0.2685,0.1199,0.0424,0.1919,15.02
"Hall, Clay",West Coast,Gold Coast,People First Stadium,0.3296,0.1254,0.0496,0.4966,0.2685,0.1199,0.0424,0.19,14.35
"Rivers, Trent",Melbourne,St Kilda,MCG,0.3296,0.1254,0.0496,0.5245,0.3126,0.1456,0.0563,0.1831,20.1
"McMullin, Toby",Greater Western Sydney,Western Bulldogs,Marvel Stadium,0.3296,0.1254,0.0502,0.4771,0.2685,0.0925,0.0424,0.1898,10.95
"Nankervis, Toby",Richmond,Carlton,MCG,0.3296,0.1254,0.0496,0.4966,0.2685,0.1199,0.0424,0.188,14.88
"Allan, Edward",Collingwood,Adelaide,MCG,0.3296,0.1254,0.0502,0.4966,0.2685,0.1199,0.0424,0.1872,13.12
"Short, Jayden",Richmond,Carlton,MCG,0.3296,0.1254,0.0502,0.5245,0.3126,0.1456,0.0526,0.1856,18.21
"Windhager, Marcus",St Kilda,Melbourne,MCG,0.3296,0.1254,0.0496,0.5245,0.3126,0.1456,0.0563,0.1852,23.16
"Hutchinson, Jack",West Coast,Gold Coast,People First Stadium,0.3296,0.1254,0.0502,0.4966,0.2685,0.1199,0.0424,0.2585,12.89
"Mullin, Oisin",Geelong,Fremantle,GMHBA Stadium,0.3296,0.1254,0.0502,0.4771,0.2685,0.1199,0.0424,0.2529,11.01
"Pendlebury, Scott",Collingwood,Adelaide,MCG,0.3296,0.1254,0.0502,0.5245,0.3126,0.1456,0.0526,0.2795,19.11
"Windsor, Caleb",Melbourne,St Kilda,MCG,0.3296,0.1254,0.0502,0.4966,0.2685,0.1199,0.0424,0.2595,15.43
"Adams, Taylor",Sydney,Brisbane Lions,SCG,0.3296,0.1254,0.0502,0.4966,0.2685,0.1199,0.0424,0.2597,12.71
"Barnett, Harry",West Coast,Gold Coast,People First Stadium,0.3296,0.1254,0.0502,0.4771,0.2683,0.0925,0.0424,0.324,9.59
"Brayshaw, Andrew",Fremantle,Geelong,GMHBA Stadium,0.3296,0.1254,0.0502,0.5245,0.3126,0.1456,0.0563,0.32,21.59
"Beecken, Luke",Brisbane Lions,Sydney,SCG,0.3296,0.1254,0.0502,0.3337,0.261,0.0925,0.0147,0.3193,7.92
"Baker, Liam",West Coast,Gold Coast,People First Stadium,0.3296,0.1254,0.0502,0.5245,0.3126,0.1456,0.0526,0.3185,18.07
"Yeo, Elliot",West Coast,Gold Coast,People First Stadium,0.3296,0.1254,0.0502,0.5245,0.3126,0.1456,0.0563,0.3182,19.95
"Reville, Bruce",Brisbane Lions,Sydney,SCG,0.3296,0.1254,0.0502,0.4771,0.2685,0.0925,0.0424,0.318,10.25
"Budarick, Connor",Western Bulldogs,Greater Western Sydney,Marvel Stadium,0.3296,0.1254,0.0502,0.4771,0.2683,0.0925,0.0424,0.318,9.04
"Lindsay, Xavier",Melbourne,St Kilda,MCG,0.3296,0.1254,0.0502,0.4966,0.2685,0.1199,0.0424,0.3172,11.69
"Dodson, Alex",St Kilda,Melbourne,MCG,0.3296,0.1254,0.0502,0.4771,0.2683,0.0925,0.0424,0.3145,8.59
"Doedee, Tom",Brisbane Lions,Sydney,SCG,0.3296,0.1254,0.0502,0.4771,0.2683,0.0925,0.0424,0.3102,8.71
"Jiath, Changkuoth",Melbourne,St Kilda,MCG,0.3296,0.1254,0.0502,0.4771,0.2683,0.0925,0.0424,0.3098,9.42
"Champion, Malakai",West Coast,Gold Coast,People First Stadium,0.3296,0.1254,0.0502,0.4771,0.2683,0.0925,0.0424,0.3094,9.48
"Adams, Jed",Melbourne,St Kilda,MCG,0.3296,0.1254,0.0502,0.4771,0.2683,0.0925,0.0424,0.3089,8.85
"Flynn, Matt",West Coast,Gold Coast,People First Stadium,0.3296,0.1254,0.0502,0.4966,0.2685,0.1199,0.0424,0.3069,11.2
"Viney, Jack",Melbourne,St Kilda,MCG,0.3296,0.1254,0.0502,0.5245,0.3126,0.1456,0.0526,0.3061,19.17
"Prestia, Dion",Richmond,Carlton,MCG,0.3296,0.1254,0.0502,0.5245,0.3126,0.1456,0.0526,0.3258,18.97
"Ramm, Harrison",Port Adelaide,North Melbourne,Marvel Stadium,0.3296,0.1254,0.0502,0.4771,0.2683,0.0925,0.0424,0.3279,8.92
"Byrne-Jones, Darcy",Port Adelaide,North Melbourne,Marvel Stadium,0.3296,0.1254,0.0502,0.4966,0.2685,0.1199,0.0424,0.3283,14.5
"Kelly, Tim",West Coast,Gold Coast,People First Stadium,0.3296,0.1254,0.0502,0.5245,0.3126,0.1456,0.0526,0.3337,18.09
"Macrae, Finlay",West Coast,Gold Coast,People First Stadium,0.3296,0.1254,0.0502,0.4771,0.2683,0.0925,0.0424,0.3408,8.56
"Sheldrick, Angus",Sydney,Brisbane Lions,SCG,0.3296,0.1254,0.0502,0.4966,0.2685,0.1199,0.0424,0.3407,15.42
"Dale, Bailey",Western Bulldogs,Greater Western Sydney,Marvel Stadium,0.3296,0.1254,0.0502,0.5245,0.3126,0.1456,0.0563,0.3389,23.09
"Day, Will",Hawthorn,Essendon,MCG,0.3296,0.1254,0.0502,0.4966,0.2685,0.1199,0.0424,0.3378,15.68
"Serong, Jai",Sydney,Brisbane Lions,SCG,0.3296,0.1254,0.0502,0.4771,0.2683,0.0925,0.0424,0.3376,8.53
"Coniglio, Stephen",Greater Western Sydney,Western Bulldogs,Marvel Stadium,0.3296,0.1254,0.0502,0.4966,0.2685,0.1199,0.0424,0.3365,15.49
"Knevitt, Mitch",Geelong,Fremantle,GMHBA Stadium,0.3296,0.1254,0.0502,0.4771,0.2685,0.0925,0.0424,0.3328,10.42
"Langdon, Ed",Melbourne,St Kilda,MCG,0.3296,0.1254,0.0502,0.5245,0.3126,0.1301,0.0526,0.3284,17.1
"Angove, Cody",Greater Western Sydney,Western Bulldogs,Marvel Stadium,0.3296,0.1254,0.0502,0.4771,0.2685,0.0925,0.0424,0.3324,10.93
"Young, Hayden",Fremantle,Geelong,GMHBA Stadium,0.3296,0.1254,0.0502,0.4966,0.2685,0.1199,0.0424,0.3317,15.09
"Laurie, Bailey",Melbourne,St Kilda,MCG,0.3296,0.1254,0.0502,0.4771,0.2685,0.0925,0.0424,0.3314,9.88
"Berry, Joe",Port Adelaide,North Melbourne,Marvel Stadium,0.3296,0.1254,0.0502,0.4966,0.2685,0.1199,0.0424,0.3311,11.52
"Ross, Jack",Richmond,Carlton,MCG,0.3296,0.1254,0.0502,0.5245,0.3126,0.1456,0.0526,0.329,18.54
"McVee, Judd",Fremantle,Geelong,GMHBA Stadium,0.3296,0.1254,0.0502,0.4771,0.2683,0.0925,0.0424,0.3287,9.03
"Draper, Sid",Adelaide,Collingwood,MCG,0.3296,0.1254,0.0502,0.4771,0.2685,0.0925,0.0424,0.3045,9.71
"Dewar, Tyrell",West Coast,Gold Coast,People First Stadium,0.3296,0.1254,0.0502,0.4771,0.2685,0.0925,0.0424,0.3038,10.89
"Stanley, Rhys",Geelong,Fremantle,GMHBA Stadium,0.3296,0.1254,0.0502,0.4966,0.2685,0.1199,0.0424,0.303,11.29
"Briggs, Kieren",Greater Western Sydney,Western Bulldogs,Marvel Stadium,0.3296,0.1254,0.0496,0.4966,0.2685,0.1199,0.0424,0.2685,12.88
"McKercher, Colby",North Melbourne,Port Adelaide,Marvel Stadium,0.3296,0.1254,0.0502,0.5245,0.4,0.1456,0.0667,0.2788,24.72
"Dow, Paddy",St Kilda,Melbourne,MCG,0.3296,0.1254,0.0502,0.4966,0.2685,0.1199,0.0424,0.278,15.4
"Bruhn, Tanner",Geelong,Fremantle,GMHBA Stadium,0.3296,0.1254,0.0502,0.4966,0.2685,0.1199,0.0424,0.2771,15.82
"Sonsie, Tyler",Richmond,Carlton,MCG,0.3296,0.1254,0.0502,0.4966,0.2685,0.1199,0.0424,0.2713,15.48
"Taylor, Zac",Adelaide,Collingwood,MCG,0.3296,0.1254,0.0502,0.4966,0.2685,0.1199,0.0424,0.2703,11.82
"Pittonet, Marc",Carlton,Richmond,MCG,0.3296,0.1254,0.0496,0.4966,0.2685,0.1199,0.0424,0.2696,12.34
"Bramble, Lachlan",Western Bulldogs,Greater Western Sydney,Marvel Stadium,0.3296,0.1254,0.0502,0.4966,0.2685,0.1199,0.0424,0.2664,15.48
"Berry, Sam",Adelaide,Collingwood,MCG,0.3296,0.1254,0.0502,0.4966,0.2685,0.1199,0.0424,0.2856,14.7
"Mackenzie, Cam",Hawthorn,Essendon,MCG,0.3296,0.1254,0.0502,0.4966,0.2685,0.1199,0.0424,0.2659,14.65
"Macdonald, Bailey",Hawthorn,Essendon,MCG,0.3296,0.1254,0.0502,0.4771,0.2685,0.0925,0.0424,0.2618,9.73
"Hill, Bradley",St Kilda,Melbourne,MCG,0.3296,0.1254,0.0502,0.5245,0.3126,0.1456,0.0526,0.2604,18.28
"Day-Wicks, Archer",Essendon,Hawthorn,MCG,0.3296,0.1254,0.0502,0.4771,0.2685,0.0925,0.0424,0.2598,10.86
"Dolan, Josh",Western Bulldogs,Greater Western Sydney,Marvel Stadium,0.3296,0.1254,0.0502,0.4771,0.2685,0.0925,0.0424,0.2598,9.99
"McGrath, Andrew",Essendon,Hawthorn,MCG,0.3296,0.1254,0.0502,0.5245,0.3126,0.1456,0.0563,0.2597,22.94
"Trezise, James",Richmond,Carlton,MCG,0.3296,0.1254,0.0502,0.4966,0.2685,0.1199,0.0424,0.1583,12.75
"Williams, Bailey",Western Bulldogs,Greater Western Sydney,Marvel Stadium,0.3296,0.1254,0.0502,0.5222,0.3118,0.1301,0.0526,0.2878,16.72
"Jiath, Tew",Collingwood,Adelaide,MCG,0.3296,0.1254,0.0502,0.4771,0.2683,0.0925,0.0424,0.3024,9.39
"Garcia, Hugo",St Kilda,Melbourne,MCG,0.3296,0.1254,0.0502,0.5222,0.2685,0.1199,0.0424,0.2954,15.88
"Ryan, Jakob",Collingwood,Adelaide,MCG,0.3296,0.1254,0.0502,0.4771,0.2685,0.0925,0.0424,0.3011,9.75
"Sanders, Ryley",Western Bulldogs,Greater Western Sydney,Marvel Stadium,0.3296,0.1254,0.0502,0.4966,0.2685,0.1199,0.0424,0.3005,13.05
"Grego, Lucca",West Coast,Gold Coast,People First Stadium,0.3296,0.1254,0.0502,0.4771,0.2683,0.0925,0.0424,0.2995,8.45
"Starcevich, Brandon",West Coast,Gold Coast,People First Stadium,0.3296,0.1254,0.0502,0.4771,0.2683,0.0925,0.0424,0.2991,9.14
"Young, Tylar",West Coast,Gold Coast,People First Stadium,0.3296,0.1254,0.0502,0.4771,0.2683,0.0925,0.0424,0.2982,8.55
"Clark, Jhye",Geelong,Fremantle,GMHBA Stadium,0.3296,0.1254,0.0496,0.4966,0.2685,0.1199,0.0424,0.297,11.11
"Houston, Dan",Collingwood,Adelaide,MCG,0.3296,0.1254,0.0502,0.4966,0.2685,0.1199,0.0424,0.2948,15.81
"McAndrew, Lachlan",Adelaide,Collingwood,MCG,0.3296,0.1254,0.0502,0.4771,0.2683,0.0925,0.0424,0.2886,8.56
"Atkins, Tom",Geelong,Fremantle,GMHBA Stadium,0.3296,0.1254,0.0502,0.5245,0.3126,0.1456,0.0526,0.2918,18.77
"Liddy, Mani",Port Adelaide,North Melbourne,Marvel Stadium,0.3296,0.1254,0.0502,0.4966,0.2685,0.1199,0.0424,0.2898,13.97
"Rioli, Daniel",Gold Coast,West Coast,People First Stadium,0.3296,0.1254,0.0502,0.5222,0.3118,0.1301,0.0526,0.2893,16.93
"Hayes, Lewis",Essendon,Hawthorn,MCG,0.3296,0.1254,0.0502,0.4771,0.2683,0.0925,0.0424,0.2891,9.27
"Serong, Caleb",Fremantle,Geelong,GMHBA Stadium,0.3296,0.1254,0.0502,0.5245,0.4,0.1456,0.0667,0.289,24.51
"Jones, Chayce",Adelaide,Collingwood,MCG,0.3296,0.1254,0.0502,0.4771,0.2685,0.0925,0.0424,0.289,10.54
"Duggan, Liam",West Coast,Gold Coast,People First Stadium,0.3296,0.1254,0.0496,0.5245,0.3126,0.1456,0.0526,0.16,19.1
"McCarthy, Tom",West Coast,Gold Coast,People First Stadium,0.3296,0.1254,0.0496,0.5245,0.3126,0.1456,0.0526,0.1347,19.15
"Clarke, Angus",Essendon,Hawthorn,MCG,0.3296,0.1254,0.0496,0.5245,0.3126,0.1301,0.0526,0.1541,17.41
"Cleary, Luke",Western Bulldogs,Greater Western Sydney,Marvel Stadium,0.3296,0.1254,0.0496,0.4966,0.2685,0.1199,0.0424,0.0676,12.83
"Aleer, Leek",Greater Western Sydney,Western Bulldogs,Marvel Stadium,0.3296,0.1254,0.0496,0.4771,0.2685,0.0925,0.0424,0.0752,10.49
"Lester, Ryan",Brisbane Lions,Sydney,SCG,0.3296,0.1254,0.0496,0.4966,0.2685,0.1199,0.0424,0.0744,12.91
"Chapman, Heath",Fremantle,Geelong,GMHBA Stadium,0.3296,0.1254,0.0496,0.4966,0.2685,0.1199,0.0424,0.073,12.31
"Tauru, Alix",St Kilda,Melbourne,MCG,0.3296,0.1254,0.0496,0.4771,0.2685,0.0925,0.0424,0.0727,10.01
"McCartin, Tom",Sydney,Brisbane Lions,SCG,0.3296,0.1254,0.0496,0.4966,0.2685,0.1199,0.0424,0.0724,15.24
"Maynard, Brayden",Collingwood,Adelaide,MCG,0.3296,0.1254,0.0496,0.5245,0.3126,0.1456,0.0526,0.0718,18.45
"Cox, Brennan",Fremantle,Geelong,GMHBA Stadium,0.3296,0.1254,0.0496,0.4771,0.2685,0.0925,0.0424,0.0704,10.52
"Gardner, Ryan",Western Bulldogs,Greater Western Sydney,Marvel Stadium,0.3296,0.1254,0.0496,0.4771,0.2685,0.0925,0.0424,0.07,9.78
"Bond, Hugh",Adelaide,Collingwood,MCG,0.3296,0.1254,0.0496,0.4771,0.2685,0.1199,0.0424,0.0698,10.99
"Cole, Tom",West Coast,Gold Coast,People First Stadium,0.3296,0.1254,0.0496,0.4966,0.2685,0.1199,0.0424,0.0693,15.72
"McDonald, Luke",North Melbourne,Port Adelaide,Marvel Stadium,0.3296,0.1254,0.0496,0.4966,0.2685,0.1199,0.0424,0.0691,15.76
"Ridley, Jordan",Essendon,Hawthorn,MCG,0.3296,0.1254,0.0496,0.4966,0.2685,0.1199,0.0424,0.069,15.58
"Fonti, Joe",Greater Western Sydney,Western Bulldogs,Marvel Stadium,0.3296,0.1254,0.0496,0.4966,0.2685,0.1199,0.0424,0.0689,12.2
"Answerth, Noah",Brisbane Lions,Sydney,SCG,0.3296,0.1254,0.0496,0.4966,0.2685,0.1199,0.0424,0.068,12.49
"Rampe, Dane",Sydney,Brisbane Lions,SCG,0.3296,0.1254,0.0496,0.4966,0.2685,0.1199,0.0424,0.068,15.26
"Collins, Sam",Gold Coast,West Coast,People First Stadium,0.3296,0.1254,0.0496,0.4966,0.2685,0.1199,0.0424,0.0755,11.67
"Hinge, Mitch",Adelaide,Collingwood,MCG,0.3296,0.1254,0.0496,0.4966,0.2685,0.1199,0.0424,0.0756,12.39
"Blakiston, Lachlan",Essendon,Hawthorn,MCG,0.3296,0.1254,0.0496,0.4966,0.2685,0.1199,0.0424,0.0765,11.54
"Moore, Darcy",Collingwood,Adelaide,MCG,0.3296,0.1254,0.0502,0.4966,0.2685,0.1199,0.0424,0.0811,11.6
"Ratugolea, Esava",Port Adelaide,North Melbourne,Marvel Stadium,0.3296,0.1254,0.0502,0.4966,0.2685,0.1199,0.0424,0.086,12.31
"Jones, Lachie",Port Adelaide,North Melbourne,Marvel Stadium,0.3296,0.1254,0.0496,0.4966,0.2685,0.1199,0.0424,0.0856,13.07
"Sicily, James",Hawthorn,Essendon,MCG,0.3296,0.1254,0.0496,0.5245,0.3126,0.1301,0.0526,0.0847,17.45
"Redman, Mason",Essendon,Hawthorn,MCG,0.3296,0.1254,0.0496,0.5245,0.4,0.1456,0.0667,0.0828,24.58
"Hough, Brady",West Coast,Gold Coast,People First Stadium,0.3296,0.1254,0.0496,0.4966,0.2685,0.1199,0.0424,0.0822,15.24
"Vlastuin, Nick",Richmond,Carlton,MCG,0.3296,0.1254,0.0496,0.5222,0.2685,0.1301,0.0526,0.0811,16.37
"Aliir, Aliir",Port Adelaide,North Melbourne,Marvel Stadium,0.3296,0.1254,0.0496,0.4966,0.2685,0.1199,0.0424,0.0792,12.57
"Hardwick, Blake",Hawthorn,Essendon,MCG,0.3296,0.1254,0.0496,0.5222,0.2685,0.1257,0.0526,0.0769,16.3
"Coffield, Nick",Western Bulldogs,Greater Western Sydney,Marvel Stadium,0.3296,0.1254,0.0496,0.4966,0.2685,0.1199,0.0424,0.0788,12.45
"Bews, Jed",Geelong,Fremantle,GMHBA Stadium,0.3296,0.1254,0.0496,0.4966,0.2685,0.1199,0.0424,0.0776,13.26
"Sinn, Josh",Port Adelaide,North Melbourne,Marvel Stadium,0.3296,0.1254,0.0496,0.4966,0.2685,0.1199,0.0424,0.0774,11.61
"Frampton, Billy",Collingwood,Adelaide,MCG,0.3296,0.1254,0.0496,0.4966,0.2685,0.1199,0.0424,0.0773,11.37
"Johnson, Zak",Essendon,Hawthorn,MCG,0.3296,0.1254,0.0496,0.4966,0.2685,0.1199,0.0424,0.0772,12.32
"Borlase, James",Adelaide,Collingwood,MCG,0.3296,0.1254,0.0496,0.4771,0.2685,0.0925,0.0424,0.077,10.63
"Butts, Jordon",Adelaide,Collingwood,MCG,0.3296,0.1254,0.0496,0.4771,0.2683,0.0925,0.0424,0.0678,9.55
"Andrews, Harris",Brisbane Lions,Sydney,SCG,0.3296,0.1254,0.0496,0.4966,0.2685,0.1199,0.0424,0.0675,14.55
"Farrell, Kane",Port Adelaide,North Melbourne,Marvel Stadium,0.3296,0.1254,0.0502,0.5245,0.3126,0.1456,0.0526,0.1535,19.55
"Busslinger, Jedd",Western Bulldogs,Greater Western Sydney,Marvel Stadium,0.3296,0.1254,0.0496,0.4771,0.2685,0.0925,0.0424,0.067,10.63
"Idun, Connor",Greater Western Sydney,Western Bulldogs,Marvel Stadium,0.3296,0.1254,0.0496,0.4966,0.2685,0.1199,0.0424,0.0516,14.71
"Barrass, Tom",Hawthorn,Essendon,MCG,0.3296,0.1254,0.0496,0.4771,0.2685,0.0925,0.0424,0.0491,10.71
"Howard, Dougal",St Kilda,Melbourne,MCG,0.3296,0.1254,0.0496,0.4966,0.2685,0.1199,0.0424,0.0484,11.88
"Bazzo, Rhett",West Coast,Gold Coast,People First Stadium,0.3296,0.1254,0.0496,0.4966,0.2685,0.1199,0.0424,0.048,11.39
"Miller, Ben",Richmond,Carlton,MCG,0.3296,0.1254,0.0496,0.4966,0.2685,0.1199,0.0424,0.0478,12.78
"Reid, Zach",Essendon,Hawthorn,MCG,0.3296,0.1254,0.0496,0.4966,0.2685,0.1199,0.0424,0.0474,14.67
"Taylor, Sam",Greater Western Sydney,Western Bulldogs,Marvel Stadium,0.3296,0.1254,0.0496,0.4966,0.2685,0.1199,0.0424,0.0455,12.22
"Brock, Sandy",West Coast,Gold Coast,People First Stadium,0.3296,0.1254,0.0496,0.4966,0.2685,0.1199,0.0424,0.0449,11.62
"Buckley, Jack",Greater Western Sydney,Western Bulldogs,Marvel Stadium,0.3296,0.1254,0.0496,0.4966,0.2685,0.1199,0.0424,0.0443,12.22
"Kolodjashnij, Jake",Geelong,Fremantle,GMHBA Stadium,0.3296,0.1254,0.0496,0.4966,0.2685,0.1199,0.0424,0.0435,13.52
"Keane, Mark",Adelaide,Collingwood,MCG,0.3296,0.1254,0.0496,0.4966,0.2685,0.1199,0.0424,0.0416,15.06
"Gardiner, Darcy",Brisbane Lions,Sydney,SCG,0.3296,0.1254,0.0496,0.4966,0.2685,0.1199,0.0424,0.0409,12.35
"May, Steven",Melbourne,St Kilda,MCG,0.3296,0.1254,0.0496,0.5245,0.3126,0.1456,0.0526,0.0383,18.36
"Wilkie, Callum",St Kilda,Melbourne,MCG,0.3296,0.1254,0.0496,0.5222,0.2685,0.1199,0.0424,0.0378,16.01
"Ginbey, Reuben",West Coast,Gold Coast,People First Stadium,0.3296,0.1254,0.0496,0.4966,0.2685,0.1199,0.0424,0.0373,12.72
"Payne, Jack",Brisbane Lions,Sydney,SCG,0.3296,0.1254,0.0496,0.4966,0.2685,0.1199,0.0424,0.0528,11.55
"Edwards, Harry",West Coast,Gold Coast,People First Stadium,0.3296,0.1254,0.0496,0.4771,0.2685,0.1199,0.0424,0.0541,11.02
"Gray, Campbell",Richmond,Carlton,MCG,0.3296,0.1254,0.0496,0.4771,0.2685,0.0925,0.0424,0.0543,10.38
"Zerk-Thatcher, Brandon",Port Adelaide,North Melbourne,Marvel Stadium,0.3296,0.1254,0.0496,0.4966,0.2685,0.1199,0.0424,0.0611,11.84
"McKay, Ben",Essendon,Hawthorn,MCG,0.3296,0.1254,0.0496,0.4966,0.2685,0.1199,0.0424,0.0656,11.36
"Brain, Shadeau",Brisbane Lions,Sydney,SCG,0.3296,0.1254,0.0496,0.4966,0.2685,0.1199,0.0424,0.0645,11.87
"Murray, Nick",Adelaide,Collingwood,MCG,0.3296,0.1254,0.0496,0.4771,0.2685,0.0925,0.0424,0.0644,10.75
"Pearce, Alex",Fremantle,Geelong,GMHBA Stadium,0.3296,0.1254,0.0496,0.4966,0.2685,0.1199,0.0424,0.0641,11.05
"Worrell, Josh",Adelaide,Collingwood,MCG,0.3296,0.1254,0.0496,0.5245,0.3126,0.1456,0.0563,0.0618,20.98
"Quaynor, Isaac",Collingwood,Adelaide,MCG,0.3296,0.1254,0.0496,0.4966,0.2685,0.1199,0.0424,0.0618,15.46
"Joyce, Darragh",Brisbane Lions,Sydney,SCG,0.3296,0.1254,0.0496,0.4966,0.2685,0.1199,0.0424,0.0606,11.34
"Melican, Lewis",Sydney,Brisbane Lions,SCG,0.3296,0.1254,0.0496,0.4966,0.2685,0.1199,0.0424,0.0561,11.21
"Scrimshaw, Jack",Hawthorn,Essendon,MCG,0.3296,0.1254,0.0496,0.4966,0.2685,0.1199,0.0424,0.0605,14.2
"Stewart, Tom",Geelong,Fremantle,GMHBA Stadium,0.3296,0.1254,0.0496,0.5222,0.3118,0.1301,0.0526,0.0595,16.8
"Broad, Nathan",Richmond,Carlton,MCG,0.3296,0.1254,0.0496,0.4966,0.2685,0.1199,0.0424,0.0593,12.36
"Lever, Jake",Melbourne,St Kilda,MCG,0.3296,0.1254,0.0496,0.4966,0.2685,0.1199,0.0424,0.0583,12.91
"Corr, Aidan",North Melbourne,Port Adelaide,Marvel Stadium,0.3296,0.1254,0.0496,0.4966,0.2685,0.1199,0.0424,0.0571,13.04
"Battle, Josh",Hawthorn,Essendon,MCG,0.3296,0.1254,0.0496,0.4966,0.2685,0.1199,0.0424,0.0569,15.59
"Worner, Karl",Fremantle,Geelong,GMHBA Stadium,0.3296,0.1254,0.0496,0.4966,0.2685,0.1199,0.0424,0.0862,12.99
"Banfield, Bailey",Fremantle,Geelong,GMHBA Stadium,0.3296,0.1254,0.0496,0.4966,0.2685,0.1199,0.0424,0.0864,13.97
"Weitering, Jacob",Carlton,Richmond,MCG,0.3296,0.1254,0.0496,0.4966,0.2685,0.1199,0.0424,0.0869,13.03
"Hardeman, Riley",North Melbourne,Port Adelaide,Marvel Stadium,0.3296,0.1254,0.0496,0.4966,0.2685,0.1199,0.0424,0.0876,12.95
"Cowan, Lachlan",Carlton,Richmond,MCG,0.3296,0.1254,0.0496,0.5245,0.3126,0.1301,0.0526,0.1314,17.5
"Madden, Nick",Greater Western Sydney,Western Bulldogs,Marvel Stadium,0.3296,0.1206,0.0456,0.4771,0.2685,0.0925,0.0424,0.1305,10.63
"Goater, Josh",North Melbourne,Port Adelaide,Marvel Stadium,0.3296,0.1254,0.0496,0.4966,0.2685,0.1199,0.0424,0.1299,15.25
"Lorenz, Will",Port Adelaide,North Melbourne,Marvel Stadium,0.3296,0.1254,0.0496,0.4966,0.2685,0.1199,0.0424,0.1288,11.68
"Turner, Daniel",Melbourne,St Kilda,MCG,0.3296,0.1254,0.0502,0.4966,0.2685,0.1199,0.0424,0.1283,13.09
"Roberts, Matt",Sydney,Brisbane Lions,SCG,0.3296,0.1254,0.0496,0.5245,0.3126,0.1301,0.0526,0.1277,17.55
"Logue, Griffin",North Melbourne,Port Adelaide,Marvel Stadium,0.3296,0.1254,0.0502,0.4966,0.2685,0.1199,0.0424,0.1263,12.96
"Davis, Hamish",West Coast,Gold Coast,People First Stadium,0.3296,0.1254,0.0496,0.4966,0.2685,0.1199,0.0424,0.1262,12.34
"Johnston, Harvey",West Coast,Gold Coast,People First Stadium,0.3296,0.1254,0.0502,0.4966,0.2685,0.1199,0.0424,0.1261,11.64
"Evans, Logan",Port Adelaide,North Melbourne,Marvel Stadium,0.3296,0.1254,0.0502,0.4966,0.2685,0.1199,0.0424,0.126,12.08
"Saad, Adam",Carlton,Richmond,MCG,0.3296,0.1254,0.0496,0.5222,0.2788,0.1301,0.0526,0.1254,16.53
"Dawson, Wil",North Melbourne,Port Adelaide,Marvel Stadium,0.3296,0.1254,0.0502,0.4771,0.2685,0.0925,0.0424,0.1253,10.04
"Henry, Jack",Geelong,Fremantle,GMHBA Stadium,0.3296,0.1254,0.0502,0.4966,0.2685,0.1199,0.0424,0.1246,12.67
"Bowey, Jake",Melbourne,St Kilda,MCG,0.3296,0.1254,0.0496,0.5245,0.3126,0.1456,0.0563,0.1243,21.8
"Maric, Ryan",West Coast,Gold Coast,People First Stadium,0.3296,0.1254,0.0496,0.5245,0.3126,0.1301,0.0526,0.1237,17.97
"Parker, Wil",Collingwood,Adelaide,MCG,0.3296,0.1254,0.0502,0.4771,0.2685,0.1199,0.0424,0.1315,11.0
"Salem, Christian",Melbourne,St Kilda,MCG,0.3296,0.1254,0.0496,0.5245,0.4,0.1456,0.0667,0.1322,24.16
"Allan, Bo",West Coast,Gold Coast,People First Stadium,0.3296,0.1254,0.0496,0.4966,0.2685,0.1199,0.0424,0.1324,11.47
"Angwin, Ryan",Greater Western Sydney,Western Bulldogs,Marvel Stadium,0.3296,0.1254,0.0496,0.4966,0.2685,0.1199,0.0424,0.1416,15.38
"Cumming, Isaac",Adelaide,Collingwood,MCG,0.3296,0.1254,0.0502,0.4966,0.2685,0.1199,0.0424,0.1514,13.87
"Carroll, Matt",Carlton,Richmond,MCG,0.3296,0.1254,0.0502,0.4966,0.2685,0.1199,0.0424,0.1501,14.2
"Whitfield, Lachie",Greater Western Sydney,Western Bulldogs,Marvel Stadium,0.3296,0.1254,0.0496,0.5245,0.4,0.1456,0.125,0.1465,26.7
"McDonald, Tom",Melbourne,St Kilda,MCG,0.3296,0.1254,0.0502,0.4966,0.2685,0.1199,0.0424,0.1463,13.67
"Fletcher, Jaspa",Brisbane Lions,Sydney,SCG,0.3296,0.1254,0.0496,0.5245,0.3126,0.1456,0.0526,0.1437,19.27
"Haynes, Nick",Carlton,Richmond,MCG,0.3296,0.1254,0.0502,0.5222,0.3118,0.1301,0.0526,0.1416,16.7
"Tunstill, James",Brisbane Lions,Sydney,SCG,0.3296,0.1254,0.0496,0.4771,0.2683,0.0925,0.0424,0.1409,8.83
"Moniz-Wakefield, Andy",Melbourne,St Kilda,MCG,0.3296,0.1254,0.0496,0.4966,0.2685,0.1199,0.0424,0.1327,13.4
"Bryan, Nick",Essendon,Hawthorn,MCG,0.3296,0.1254,0.0496,0.4966,0.2685,0.1199,0.0424,0.1406,12.69
"Daniel, Caleb",North Melbourne,Port Adelaide,Marvel Stadium,0.3296,0.1254,0.0496,0.5245,0.3126,0.1456,0.0563,0.1391,22.94
"De Koning, Sam",Geelong,Fremantle,GMHBA Stadium,0.3296,0.1254,0.0496,0.4966,0.2685,0.1199,0.0424,0.1377,11.86
"Lobb, Rory",Western Bulldogs,Greater Western Sydney,Marvel Stadium,0.3296,0.1254,0.0502,0.4966,0.2685,0.1199,0.0424,0.1376,11.95
"Comben, Charlie",North Melbourne,Port Adelaide,Marvel Stadium,0.3296,0.1254,0.0502,0.4966,0.2685,0.1199,0.0424,0.1372,12.16
"Robertson, Deven",West Coast,Gold Coast,People First Stadium,0.3296,0.1254,0.0502,0.4771,0.2683,0.0925,0.0424,0.3437,8.89
"Banks, Sam",Richmond,Carlton,MCG,0.3296,0.1254,0.0496,0.5245,0.3126,0.1456,0.0563,0.1232,19.62
"Reeves, Ned",Hawthorn,Essendon,MCG,0.3296,0.1254,0.0496,0.4771,0.2685,0.0925,0.0424,0.122,10.34
"El-Hawli, Saad",Essendon,Hawthorn,MCG,0.3296,0.1254,0.0502,0.4966,0.2685,0.1199,0.0424,0.118,12.69
"Stocker, Liam",St Kilda,Melbourne,MCG,0.3296,0.1254,0.0496,0.4966,0.2685,0.1199,0.0424,0.0922,11.75
"Graham, Caleb",Gold Coast,West Coast,People First Stadium,0.3296,0.1254,0.0502,0.4966,0.2685,0.1199,0.0424,0.0961,13.21
"Brown, Tom",Richmond,Carlton,MCG,0.3296,0.1254,0.0496,0.4966,0.2685,0.1199,0.0424,0.0954,14.18
"Pink, Toby",North Melbourne,Port Adelaide,Marvel Stadium,0.3296,0.1254,0.0502,0.4966,0.2685,0.1199,0.0424,0.0953,11.42
"Trainor, Luke",Richmond,Carlton,MCG,0.3296,0.1254,0.0496,0.4966,0.2685,0.1199,0.0424,0.095,12.38
"Draper, Josh",Fremantle,Geelong,GMHBA Stadium,0.3296,0.1254,0.0496,0.4771,0.2685,0.0925,0.0424,0.0944,10.04
"Gibcus, Josh",Richmond,Carlton,MCG,0.3296,0.1254,0.0502,0.4771,0.2683,0.0925,0.0424,0.0932,9.6
"Mills, Callum",Sydney,Brisbane Lions,SCG,0.3296,0.1254,0.0496,0.5245,0.3126,0.1456,0.0563,0.0907,21.64
"Archer, Jackson",North Melbourne,Port Adelaide,Marvel Stadium,0.3296,0.1254,0.0496,0.4966,0.2685,0.1199,0.0424,0.0978,11.52
"Howes, Blake",Melbourne,St Kilda,MCG,0.3296,0.1254,0.0496,0.4966,0.2685,0.1199,0.0424,0.0905,11.84
"Uwland, Bodhi",Gold Coast,West Coast,People First Stadium,0.3296,0.1254,0.0496,0.4966,0.2685,0.1199,0.0424,0.0904,15.31
"Guthrie, Zach",Geelong,Fremantle,GMHBA Stadium,0.3296,0.1254,0.0496,0.5222,0.2685,0.1257,0.0526,0.089,16.24
"Walker, Brandon",Fremantle,Geelong,GMHBA Stadium,0.3296,0.1254,0.0496,0.4966,0.2685,0.1199,0.0424,0.089,12.85
"Visentini, Vigo",Essendon,Hawthorn,MCG,0.3296,0.1254,0.0496,0.4966,0.2685,0.1199,0.0424,0.0887,12.63
"Milera, Wayne",Adelaide,Collingwood,MCG,0.3296,0.1254,0.0496,0.5245,0.3126,0.1301,0.0526,0.088,17.71
"Humphries, Lawson",Geelong,Fremantle,GMHBA Stadium,0.3296,0.1254,0.0496,0.4966,0.2685,0.1199,0.0424,0.0963,14.3
"Travaglia, Tobie",St Kilda,Melbourne,MCG,0.3296,0.1254,0.0496,0.4966,0.2685,0.1199,0.0424,0.0986,11.12
"Jeffrey, Joel",Gold Coast,West Coast,People First Stadium,0.3296,0.1254,0.0496,0.5245,0.3126,0.1456,0.0526,0.1172,18.35
"Blanck, James",Hawthorn,Essendon,MCG,0.3296,0.1254,0.0496,0.4771,0.2685,0.0925,0.0424,0.1051,10.09
"Boyd, Jordan",Carlton,Richmond,MCG,0.3296,0.1254,0.0502,0.4966,0.2685,0.1199,0.0424,0.1162,12.58
"Prior, Jaxon",Essendon,Hawthorn,MCG,0.3296,0.1254,0.0496,0.4966,0.2685,0.1199,0.0424,0.1149,15.13
"Caminiti, Anthony",St Kilda,Melbourne,MCG,0.3296,0.1254,0.0502,0.4771,0.2685,0.0925,0.0424,0.1105,10.54
"Smith, Kaleb",Richmond,Carlton,MCG,0.3296,0.1254,0.0502,0.4966,0.2685,0.1199,0.0424,0.1101,13.27
"Hastie, Angus",St Kilda,Melbourne,MCG,0.3296,0.1254,0.0496,0.4966,0.2685,0.1199,0.0424,0.1079,11.27
"Laird, Rory",Adelaide,Collingwood,MCG,0.3296,0.1254,0.0496,0.5245,0.3126,0.1456,0.0563,0.1077,21.66
"Michalanney, Max",Adelaide,Collingwood,MCG,0.3296,0.1254,0.0496,0.4966,0.2685,0.1199,0.0424,0.1049,14.44
"Hamling, Joel",Sydney,Brisbane Lions,SCG,0.3296,0.1254,0.0496,0.4771,0.2683,0.0925,0.0424,0.0999,9.2
"Himmelberg, Harry",Greater Western Sydney,Western Bulldogs,Marvel Stadium,0.3296,0.1254,0.0496,0.5222,0.2685,0.1199,0.0424,0.1046,16.13
"Howe, Jeremy",Collingwood,Adelaide,MCG,0.3296,0.1254,0.0502,0.4966,0.2685,0.1199,0.0424,0.1046,12.05
"Cunningham, Harry",Sydney,Brisbane Lions,SCG,0.3296,0.1254,0.0496,0.4966,0.2685,0.1199,0.0424,0.1021,13.83
"Nguyen, Jayden",Essendon,Hawthorn,MCG,0.3296,0.1254,0.0496,0.4966,0.2685,0.1199,0.0424,0.1008,11.56
"Stone, Conor",Greater Western Sydney,Western Bulldogs,Marvel Stadium,0.3296,0.1254,0.0496,0.4966,0.2685,0.1199,0.0424,0.1003,13.18
"Adams, Oscar",Gold Coast,West Coast,People First Stadium,0.3296,0.1254,0.0502,0.4771,0.2685,0.0925,0.0424,0.1003,10.19
"Daicos, Josh",Collingwood,Adelaide,MCG,0.3296,0.1254,0.0502,0.5245,0.4,0.1456,0.0667,0.3414,24.36
"McInerney, Justin",Sydney,Brisbane Lions,SCG,0.3296,0.1254,0.0502,0.5245,0.3126,0.1301,0.0526,0.3737,17.62
"Long, Ned",Collingwood,Adelaide,MCG,0.3296,0.1254,0.0502,0.5222,0.2685,0.1257,0.0526,0.3451,16.23
"Rowell, Matt",Gold Coast,West Coast,People First Stadium,0.3296,0.1254,0.0502,0.5245,0.4,0.1456,0.125,0.7733,25.76
"Richards, Joe",Port Adelaide,North Melbourne,Marvel Stadium,0.3296,0.1257,0.0502,0.4966,0.2685,0.1199,0.0424,0.8701,13.13
"Jefferson, Matthew",Melbourne,St Kilda,MCG,0.3296,0.1254,0.0502,0.4771,0.2683,0.0925,0.0424,0.8677,9.29
"Gallop, Ty",Brisbane Lions,Sydney,SCG,0.3296,0.1254,0.0502,0.4771,0.2683,0.0925,0.0424,0.8649,9.37
"Brown, Callum",Greater Western Sydney,Western Bulldogs,Marvel Stadium,0.3296,0.1254,0.0502,0.4771,0.2685,0.1199,0.0424,0.8559,11.01
"Faull, Jonty",Richmond,Carlton,MCG,0.3296,0.1257,0.0502,0.4771,0.2683,0.0925,0.0424,0.8524,8.94
"Williams, Zac",Carlton,Richmond,MCG,0.3296,0.1254,0.0502,0.5222,0.2685,0.1199,0.0424,0.852,16.14
"Butler, Dan",St Kilda,Melbourne,MCG,0.3296,0.1254,0.0502,0.4771,0.2685,0.0925,0.0424,0.812,10.52
"Warner, Chad",Sydney,Brisbane Lions,SCG,0.3296,0.1254,0.0502,0.5245,0.3126,0.1456,0.0526,0.8119,18.95
"Smith, Henry",Brisbane Lions,Sydney,SCG,0.3296,0.1254,0.0502,0.4771,0.2683,0.0925,0.0424,0.8101,8.33
"McStay, Daniel",Collingwood,Adelaide,MCG,0.3296,0.1254,0.0502,0.4966,0.2685,0.1199,0.0424,0.806,11.2
"McCluggage, Hugh",Brisbane Lions,Sydney,SCG,0.3296,0.1254,0.0502,0.5245,0.3126,0.1456,0.0563,0.7995,23.3
"Cochrane, Tom",Port Adelaide,North Melbourne,Marvel Stadium,0.3296,0.1254,0.0502,0.4771,0.2683,0.0925,0.0424,0.7974,9.25
"Wood, Mason",St Kilda,Melbourne,MCG,0.3296,0.1257,0.0502,0.4966,0.2685,0.1199,0.0424,0.7924,12.29
"Kako, Isaac",Essendon,Hawthorn,MCG,0.3296,0.1254,0.0502,0.4966,0.2685,0.1199,0.0424,0.7861,14.03
"Rogers, Jake",Gold Coast,West Coast,People First Stadium,0.3296,0.1254,0.0502,0.4771,0.2685,0.0925,0.0424,0.7797,10.38
"McAdam, Shane",Melbourne,St Kilda,MCG,0.3296,0.1257,0.0502,0.4771,0.2685,0.0925,0.0424,0.8814,10.72
"Langford, Kyle",Essendon,Hawthorn,MCG,0.3296,0.1257,0.0502,0.4966,0.2685,0.1199,0.0424,0.8916,13.06
"Reid, Murphy",Fremantle,Geelong,GMHBA Stadium,0.3296,0.1257,0.0502,0.4966,0.2685,0.1199,0.0424,0.9108,14.26
"Ryan, Liam",St Kilda,Melbourne,MCG,0.3296,0.1257,0.0502,0.4771,0.2683,0.0925,0.0424,0.9556,9.35
"Macdonald, Connor",Hawthorn,Essendon,MCG,0.3296,0.1257,0.0502,0.4966,0.2685,0.1199,0.0424,0.9767,14.81
"Wanganeen-Milera, Nasiah",St Kilda,Melbourne,MCG,0.3296,0.1257,0.0502,0.5245,0.4,0.1456,0.125,0.9749,25.88
"Dempsey, Oliver",Geelong,Fremantle,GMHBA Stadium,0.3296,0.1257,0.0502,0.4966,0.2685,0.1199,0.0424,0.9724,15.23
"Close, Brad",Geelong,Fremantle,GMHBA Stadium,0.3296,0.1257,0.0502,0.4966,0.2685,0.1199,0.0424,0.9692,12.81
"Motlop, Jesse",Carlton,Richmond,MCG,0.3296,0.1257,0.0502,0.4966,0.2685,0.1199,0.0424,0.9663,13.32
"Jackson, Luke",Fremantle,Geelong,GMHBA Stadium,0.3296,0.1257,0.0502,0.4966,0.2685,0.1199,0.0424,0.9651,13.95
"Cripps, Jamie",West Coast,Gold Coast,People First Stadium,0.3296,0.1257,0.0502,0.4966,0.2685,0.1199,0.0424,0.9544,12.87
"McGovern, Mitch",Carlton,Richmond,MCG,0.3296,0.1257,0.0502,0.4966,0.2685,0.1199,0.0424,0.9147,12.6
"Johnson, Aidan",Melbourne,St Kilda,MCG,0.3296,0.1257,0.0502,0.4771,0.2683,0.0925,0.0424,0.9479,8.54
"Kemp, Brodie",Carlton,Richmond,MCG,0.3296,0.1257,0.0502,0.4966,0.2685,0.1199,0.0424,0.9464,11.25
"Ginnivan, Jack",Hawthorn,Essendon,MCG,0.3296,0.1257,0.0502,0.5222,0.3118,0.1301,0.0526,0.9378,16.79
"Allen, Oscar",Brisbane Lions,Sydney,SCG,0.3296,0.1257,0.0502,0.4771,0.2683,0.0925,0.0424,0.933,8.96
"McDonald, Logan",Sydney,Brisbane Lions,SCG,0.3296,0.1257,0.0502,0.4771,0.2685,0.0925,0.0424,0.9308,10.91
"Clarke, Judson",Richmond,Carlton,MCG,0.3296,0.1257,0.0502,0.4771,0.2683,0.0925,0.0424,0.9297,9.43
"Moore, Dylan",Hawthorn,Essendon,MCG,0.3296,0.1254,0.0502,0.5245,0.3126,0.1456,0.0526,0.7785,18.94
"McNeil, Lachlan",Western Bulldogs,Greater Western Sydney,Marvel Stadium,0.3296,0.1254,0.0502,0.4771,0.2685,0.0925,0.0424,0.7695,9.68
"Hopper, Jacob",Richmond,Carlton,MCG,0.3296,0.1254,0.0502,0.5245,0.3126,0.1456,0.0563,0.3455,21.31
"Jones, Darcy",Greater Western Sydney,Western Bulldogs,Marvel Stadium,0.3296,0.1254,0.0502,0.4966,0.2685,0.1199,0.0424,0.7676,11.94
"Harrison, Harvey",Collingwood,Adelaide,MCG,0.3296,0.1254,0.0502,0.4966,0.2685,0.1199,0.0424,0.6993,11.81
"Wiltshire, Oliver",Geelong,Fremantle,GMHBA Stadium,0.3296,0.1254,0.0502,0.4771,0.2683,0.0925,0.0424,0.6964,8.58
"Wilson, Darcy",St Kilda,Melbourne,MCG,0.3296,0.1254,0.0502,0.4966,0.2685,0.1199,0.0424,0.6924,14.24
"Owies, Matthew",West Coast,Gold Coast,People First Stadium,0.3296,0.1254,0.0502,0.4771,0.2685,0.0925,0.0424,0.6919,10.34
"Daicos, Nick",Collingwood,Adelaide,MCG,0.3296,0.1254,0.0502,0.5245,0.4,0.1456,0.125,0.6862,26.71
"Freijah, Joel",Western Bulldogs,Greater Western Sydney,Marvel Stadium,0.3296,0.1254,0.0502,0.4966,0.2685,0.1199,0.0424,0.6832,14.18
"Lalor, Sam",Richmond,Carlton,MCG,0.3296,0.1254,0.0502,0.4771,0.2685,0.0925,0.0424,0.6794,10.46
"Hanily, Tom",Sydney,Brisbane Lions,SCG,0.3296,0.1254,0.0502,0.4771,0.2683,0.0925,0.0424,0.6783,9.5
"Durdin, Corey",Port Adelaide,North Melbourne,Marvel Stadium,0.3296,0.1254,0.0502,0.4771,0.2685,0.0925,0.0424,0.6752,9.78
"Bedford, Toby",Greater Western Sydney,Western Bulldogs,Marvel Stadium,0.3296,0.1254,0.0502,0.4966,0.2685,0.1199,0.0424,0.6732,11.42
"Bontempelli, Marcus",Western Bulldogs,Greater Western Sydney,Marvel Stadium,0.3296,0.1254,0.0502,0.5245,0.4,0.1456,0.125,0.6727,26.6
"Davies-Uniacke, Luke",North Melbourne,Port Adelaide,Marvel Stadium,0.3296,0.1254,0.0502,0.5245,0.4,0.1456,0.125,0.6711,26.1
"Anderson, Noah",Gold Coast,West Coast,People First Stadium,0.3296,0.1254,0.0502,0.5294,0.4,0.1456,0.125,0.6708,28.02
"Gresham, Jade",Essendon,Hawthorn,MCG,0.3296,0.1254,0.0502,0.4966,0.2685,0.1199,0.0424,0.6598,15.51
"Collard, Lance",St Kilda,Melbourne,MCG,0.3296,0.1254,0.0502,0.4771,0.2683,0.0925,0.0424,0.6598,8.84
"Miller, Touk",Gold Coast,West Coast,People First Stadium,0.3296,0.1254,0.0502,0.5245,0.3126,0.1456,0.0563,0.7013,22.65
"Visentini, Dante",Port Adelaide,North Melbourne,Marvel Stadium,0.3296,0.1254,0.0502,0.4771,0.2685,0.0925,0.0424,0.7014,10.11
"Guelfi, Matt",Essendon,Hawthorn,MCG,0.3296,0.1254,0.0502,0.4771,0.2685,0.0925,0.0424,0.7048,10.8
"Fogarty, Lachie",Carlton,Richmond,MCG,0.3296,0.1254,0.0502,0.4966,0.2685,0.1199,0.0424,0.7431,13.13
"Keeler, Isaac",St Kilda,Melbourne,MCG,0.3296,0.1254,0.0502,0.4771,0.2685,0.0925,0.0424,0.7618,9.92
"Mackinlay, Ewan",Port Adelaide,North Melbourne,Marvel Stadium,0.3296,0.1254,0.0502,0.4771,0.2683,0.0925,0.0424,0.7613,9.31
"Clohesy, Sam",Gold Coast,West Coast,People First Stadium,0.3296,0.1254,0.0502,0.4966,0.2685,0.1199,0.0424,0.7478,14.26
"Rosas, Malcolm",Sydney,Brisbane Lions,SCG,0.3296,0.1254,0.0502,0.4771,0.2683,0.0925,0.0424,0.7458,9.24
"Davidson, Sam",Western Bulldogs,Greater Western Sydney,Marvel Stadium,0.3296,0.1254,0.0502,0.4966,0.2685,0.1199,0.0424,0.7436,11.99
"Cottrell, Matthew",Carlton,Richmond,MCG,0.3296,0.1254,0.0502,0.5222,0.2685,0.1199,0.0424,0.7432,15.94
"Campbell, Braeden",Sydney,Brisbane Lions,SCG,0.3296,0.1254,0.0502,0.4966,0.2685,0.1199,0.0424,0.7402,12.46
"Konstanty, Jacob",North Melbourne,Port Adelaide,Marvel Stadium,0.3296,0.1254,0.0502,0.4966,0.2685,0.1199,0.0424,0.7067,11.57
"Parker, Luke",North Melbourne,Port Adelaide,Marvel Stadium,0.3296,0.1254,0.0502,0.5245,0.3126,0.1456,0.0563,0.736,22.63
"English, Tim",Western Bulldogs,Greater Western Sydney,Marvel Stadium,0.3296,0.1254,0.0502,0.4966,0.2685,0.1199,0.0424,0.7277,14.6
"Young, Flynn",Carlton,Richmond,MCG,0.3296,0.1254,0.0502,0.4966,0.2685,0.1199,0.0424,0.7262,13.21
"Rowston, Harry",Greater Western Sydney,Western Bulldogs,Marvel Stadium,0.3296,0.1254,0.0502,0.4771,0.2685,0.0925,0.0424,0.7204,10.46
"Cox, Mason",Fremantle,Geelong,GMHBA Stadium,0.3296,0.1254,0.0502,0.4771,0.2683,0.0925,0.0424,0.7159,8.49
"Martin, Jack",Geelong,Fremantle,GMHBA Stadium,0.3296,0.1254,0.0502,0.4771,0.2685,0.0925,0.0424,0.7122,10.07
"Schultz, Lachie",Collingwood,Adelaide,MCG,0.3296,0.1257,0.0502,0.4966,0.2685,0.1199,0.0424,0.9883,12.82
"Hall, Max",St Kilda,Melbourne,MCG,0.3296,0.1257,0.0502,0.4966,0.2685,0.1199,0.0424,0.9986,15.47
"Riccardi, Jake",Greater Western Sydney,Western Bulldogs,Marvel Stadium,0.3296,0.1257,0.0502,0.4771,0.2685,0.0925,0.0424,1.0017,10.93
"Mansell, Rhyan",Richmond,Carlton,MCG,0.3296,0.1257,0.0502,0.4966,0.2685,0.1199,0.0424,1.0021,11.8
"Heeney, Isaac",Sydney,Brisbane Lions,SCG,0.3296,0.1496,0.051,0.5245,0.3126,0.1456,0.0526,1.3011,19.04
"Caddy, Nate",Essendon,Hawthorn,MCG,0.3296,0.1257,0.0502,0.4966,0.2685,0.1199,0.0424,1.2833,11.43
"Hill, Bobby",Collingwood,Adelaide,MCG,0.3296,0.1257,0.0502,0.4771,0.2685,0.0925,0.0424,1.2797,9.77
"Frederick, Michael",Fremantle,Geelong,GMHBA Stadium,0.3296,0.1257,0.0502,0.4966,0.2685,0.1199,0.0424,1.2768,11.81
"Evans, Francis",Carlton,Richmond,MCG,0.3296,0.1257,0.0502,0.4966,0.2685,0.1199,0.0424,1.2719,13.08
"Lohmann, Kai",Brisbane Lions,Sydney,SCG,0.3296,0.1257,0.0502,0.4966,0.2685,0.1199,0.0424,1.2694,11.27
"Sturt, Sam",Fremantle,Geelong,GMHBA Stadium,0.3296,0.1257,0.0502,0.4771,0.2685,0.0925,0.0424,1.266,10.89
"Higgins, Jack",St Kilda,Melbourne,MCG,0.3296,0.1257,0.0502,0.4771,0.2685,0.0925,0.0424,1.2525,10.74
"Rankine, Izak",Adelaide,Collingwood,MCG,0.3296,0.1257,0.0502,0.5222,0.2685,0.1199,0.0424,1.2476,16.13
"Wright, Peter",Essendon,Hawthorn,MCG,0.3296,0.1257,0.0502,0.4966,0.2685,0.1199,0.0424,1.2424,11.45
"Graham, Will",Gold Coast,West Coast,People First Stadium,0.3296,0.1257,0.0502,0.4966,0.2685,0.1199,0.0424,1.2376,12.12
"Read, Ethan",Gold Coast,West Coast,People First Stadium,0.3296,0.1257,0.0502,0.4771,0.2685,0.0925,0.0424,1.2275,10.57
"Rachele, Josh",Adelaide,Collingwood,MCG,0.3296,0.1257,0.0502,0.4771,0.2685,0.0925,0.0424,1.2219,9.85
"McMahon, Liam",Essendon,Hawthorn,MCG,0.3296,0.1257,0.0502,0.4771,0.2683,0.0925,0.0424,1.2197,9.39
"van Rooyen, Jacob",Melbourne,St Kilda,MCG,0.3296,0.1257,0.0502,0.4966,0.2685,0.1199,0.0424,1.2129,11.24
"Mannagh, Shaun",Geelong,Fremantle,GMHBA Stadium,0.3296,0.1496,0.0502,0.4966,0.2685,0.1199,0.0424,1.3321,14.71
"Membrey, Tim",Collingwood,Adelaide,MCG,0.3296,0.1496,0.051,0.4771,0.2685,0.0925,0.0424,1.3453,10.55
"Lukosius, Jack",Port Adelaide,North Melbourne,Marvel Stadium,0.3296,0.1496,0.0502,0.4771,0.2685,0.0925,0.0424,1.3542,10.78
"Sharman, Cooper",St Kilda,Melbourne,MCG,0.3296,0.1496,0.051,0.4966,0.2685,0.1199,0.0424,1.4681,11.08
"Croft, Jordan",Western Bulldogs,Greater Western Sydney,Marvel Stadium,0.3296,0.1496,0.051,0.4771,0.2683,0.0925,0.0424,1.6672,8.83
"Waterman, Jake",West Coast,Gold Coast,People First Stadium,0.3296,0.1496,0.051,0.4771,0.2685,0.0925,0.0424,1.6258,10.57
"Voss, Patrick",Fremantle,Geelong,GMHBA Stadium,0.3296,0.1496,0.051,0.4771,0.2685,0.0925,0.0424,1.5606,9.84
"Hogan, Jesse",Greater Western Sydney,Western Bulldogs,Marvel Stadium,0.3296,0.1496,0.051,0.4771,0.2683,0.0925,0.0424,1.5603,9.11
"Amartey, Joel",Sydney,Brisbane Lions,SCG,0.3296,0.1496,0.051,0.4771,0.2683,0.0925,0.0424,1.4749,9.17
"Cameron, Charlie",Brisbane Lions,Sydney,SCG,0.3296,0.1496,0.051,0.4771,0.2685,0.0925,0.0424,1.4695,10.11
"Pickett, Kysaiah",Melbourne,St Kilda,MCG,0.3296,0.1496,0.051,0.5245,0.3126,0.1301,0.0526,1.4564,17.25
"Rayner, Cam",Brisbane Lions,Sydney,SCG,0.3296,0.1496,0.0502,0.4966,0.2685,0.1199,0.0424,1.3868,13.16
"Ugle-Hagan, Jamarra",Gold Coast,West Coast,People First Stadium,0.3296,0.1496,0.051,0.4771,0.2685,0.0925,0.0424,1.4429,10.38
"Bailey, Zac",Brisbane Lions,Sydney,SCG,0.3296,0.1496,0.051,0.5245,0.3126,0.1301,0.0526,1.4368,17.43
"Amiss, Jye",Fremantle,Geelong,GMHBA Stadium,0.3296,0.1496,0.051,0.4771,0.2683,0.0925,0.0424,1.4298,8.83
"Neale, Shannon",Geelong,Fremantle,GMHBA Stadium,0.3296,0.1496,0.051,0.4771,0.2685,0.0925,0.0424,1.4261,9.79
"Shanahan, Jobe",West Coast,Gold Coast,People First Stadium,0.3296,0.1496,0.051,0.4771,0.2683,0.0925,0.0424,1.3889,8.73
"Papley, Tom",Sydney,Brisbane Lions,SCG,0.3296,0.1496,0.051,0.4966,0.2685,0.1199,0.0424,1.3868,15.04
"Watson, Nick",Hawthorn,Essendon,MCG,0.3296,0.1257,0.0502,0.4966,0.2685,0.1199,0.0424,1.2094,11.21
"Dear, Calsher",Hawthorn,Essendon,MCG,0.3296,0.1257,0.0502,0.4771,0.2683,0.0925,0.0424,1.205,8.85
"Marshall, Todd",Port Adelaide,North Melbourne,Marvel Stadium,0.3296,0.1257,0.0502,0.4771,0.2685,0.0925,0.0424,1.2035,9.67
"Ainsworth, Ben",Carlton,Richmond,MCG,0.3296,0.1257,0.0502,0.4771,0.2685,0.0925,0.0424,1.0374,9.97
"Edwards, Tom",Essendon,Hawthorn,MCG,0.3296,0.1257,0.0502,0.4771,0.2683,0.0925,0.0424,1.0822,8.99
"Mihocek, Brody",Melbourne,St Kilda,MCG,0.3296,0.1257,0.0502,0.4771,0.2683,0.0925,0.0424,1.0797,9.62
"Bolton, Shai",Fremantle,Geelong,GMHBA Stadium,0.3296,0.1257,0.0502,0.4966,0.2685,0.1199,0.0424,1.0628,14.13
"Hipwood, Eric",Brisbane Lions,Sydney,SCG,0.3296,0.1257,0.0502,0.4966,0.2685,0.1199,0.0424,1.0586,11.19
"Ramsden, Max",Hawthorn,Essendon,MCG,0.3296,0.1257,0.0502,0.4771,0.2683,0.0925,0.0424,1.045,9.41
"Khamis, Buku",Western Bulldogs,Greater Western Sydney,Marvel Stadium,0.3296,0.1257,0.0502,0.4771,0.2683,0.0925,0.0424,1.0396,8.18
"Farrar, Jy",Gold Coast,West Coast,People First Stadium,0.3296,0.1257,0.0502,0.4771,0.2683,0.0925,0.0424,1.0361,9.36
"Horne-Francis, Jason",Port Adelaide,North Melbourne,Marvel Stadium,0.3296,0.1257,0.0502,0.5245,0.3126,0.1301,0.0526,1.1051,17.43
"Dudley, Isaiah",Fremantle,Geelong,GMHBA Stadium,0.3296,0.1257,0.0502,0.4771,0.2683,0.0925,0.0424,1.0351,8.87
"Owens, Mitch",St Kilda,Melbourne,MCG,0.3296,0.1257,0.0502,0.4966,0.2685,0.1199,0.0424,1.0291,11.66
"Campbell, Seth",Richmond,Carlton,MCG,0.3296,0.1257,0.0502,0.4966,0.2685,0.1199,0.0424,1.0274,12.34
"Harvey, Cooper",North Melbourne,Port Adelaide,Marvel Stadium,0.3296,0.1257,0.0502,0.4771,0.2683,0.0925,0.0424,1.0171,9.55
"Williams, Jack",West Coast,Gold Coast,People First Stadium,0.3296,0.1257,0.0502,0.4771,0.2683,0.0925,0.0424,1.0091,9.38
"Keays, Ben",Adelaide,Collingwood,MCG,0.3296,0.1257,0.0502,0.4966,0.2685,0.1199,0.0424,1.006,14.18
"Powell-Pepper, Sam",Port Adelaide,North Melbourne,Marvel Stadium,0.3296,0.1257,0.0502,0.4966,0.2685,0.1199,0.0424,1.0889,14.54
"Armstrong, Harry",Richmond,Carlton,MCG,0.3296,0.1257,0.0502,0.4771,0.2683,0.0925,0.0424,1.1064,8.85
"McLean, Hayden",Sydney,Brisbane Lions,SCG,0.3296,0.1257,0.0502,0.4771,0.2685,0.0925,0.0424,1.2026,9.99
"Petty, Harry",Melbourne,St Kilda,MCG,0.3296,0.1257,0.0502,0.4771,0.2685,0.0925,0.0424,1.1396,9.77
"Lord, Ollie",Port Adelaide,North Melbourne,Marvel Stadium,0.3296,0.1257,0.0502,0.4771,0.2683,0.0925,0.0424,1.2025,8.59
"Gruzewski, Max",Greater Western Sydney,Western Bulldogs,Marvel Stadium,0.3296,0.1257,0.0502,0.2727,0.25,0.0925,0.0147,1.1784,7.79
"Whitlock, Jack",Port Adelaide,North Melbourne,Marvel Stadium,0.3296,0.1257,0.0502,0.4771,0.2683,0.0925,0.0424,1.172,9.52
"Dangerfield, Patrick",Geelong,Fremantle,GMHBA Stadium,0.3296,0.1257,0.0502,0.5222,0.2685,0.1199,0.0424,1.1556,16.08
"Lefau, Mykelti",Richmond,Carlton,MCG,0.3296,0.1257,0.0502,0.4771,0.2683,0.0925,0.0424,1.1491,8.41
"Curnow, Charlie",Sydney,Brisbane Lions,SCG,0.3296,0.1257,0.0502,0.4771,0.2685,0.0925,0.0424,1.1431,9.84
"Petracca, Christian",Gold Coast,West Coast,People First Stadium,0.3296,0.1257,0.0502,0.4771,0.2685,0.0925,0.0424,1.1305,10.23
"Fogarty, Darcy",Adelaide,Collingwood,MCG,0.3296,0.1257,0.0502,0.4966,0.2685,0.1199,0.0424,1.1082,12.6
"King, Max",Sydney,Brisbane Lions,SCG,0.3296,0.1257,0.0502,0.4771,0.2685,0.0925,0.0424,1.1289,9.74
"Pedlar, Luke",Adelaide,Collingwood,MCG,0.3296,0.1257,0.0502,0.4771,0.2683,0.0925,0.0424,1.1197,8.58
"Cadman, Aaron",Greater Western Sydney,Western Bulldogs,Marvel Stadium,0.3296,0.1257,0.0502,0.4771,0.2685,0.0925,0.0424,1.1174,9.94
"Himmelberg, Elliott",Gold Coast,West Coast,People First Stadium,0.3296,0.1257,0.0502,0.4771,0.2685,0.0925,0.0424,1.1174,9.72
"Henry, Oliver",Geelong,Fremantle,GMHBA Stadium,0.3296,0.1257,0.0502,0.4771,0.2685,0.0925,0.0424,1.1168,9.77
"McCarthy, Lincoln",Brisbane Lions,Sydney,SCG,0.3296,0.1257,0.0502,0.4966,0.2685,0.1199,0.0424,1.1113,11.11
"Jones, Arthur",Western Bulldogs,Greater Western Sydney,Marvel Stadium,0.3296,0.1254,0.0502,0.4771,0.2683,0.0925,0.0424,0.6587,8.83
"Richards, Ed",Western Bulldogs,Greater Western Sydney,Marvel Stadium,0.3296,0.1254,0.0502,0.5245,0.3126,0.1456,0.0563,0.6548,21.81
"Cripps, Patrick",Carlton,Richmond,MCG,0.3296,0.1254,0.0502,0.5245,0.4,0.1456,0.0667,0.652,24.65
"Hewett, George",Carlton,Richmond,MCG,0.3296,0.1254,0.0502,0.5245,0.4,0.1456,0.125,0.4775,27.2
"Dattoli, Jesse",Sydney,Brisbane Lions,SCG,0.3296,0.1254,0.0502,0.4771,0.2685,0.0925,0.0424,0.4353,9.75
"Sullivan, Lachlan",Collingwood,Adelaide,MCG,0.3296,0.1254,0.0502,0.4966,0.2685,0.1199,0.0424,0.4308,11.76
"Bowes, Jack",Geelong,Fremantle,GMHBA Stadium,0.3296,0.1254,0.0502,0.4966,0.2685,0.1199,0.0424,0.4306,12.97
"Martin, Nic",Essendon,Hawthorn,MCG,0.3296,0.1254,0.0502,0.5245,0.3126,0.1456,0.0563,0.4291,20.51
"Lloyd, Jake",Sydney,Brisbane Lions,SCG,0.3296,0.1254,0.0502,0.5245,0.3126,0.1456,0.0526,0.4291,19.1
"Cerra, Adam",Carlton,Richmond,MCG,0.3296,0.1254,0.0502,0.5245,0.3126,0.1456,0.0563,0.4283,21.67
"Meek, Lloyd",Hawthorn,Essendon,MCG,0.3296,0.1254,0.0496,0.4966,0.2685,0.1199,0.0424,0.4264,12.9
"Henderson, Jack",Melbourne,St Kilda,MCG,0.3296,0.1254,0.0502,0.4771,0.2685,0.0925,0.0424,0.4249,10.79
"Alger, Jasper",Richmond,Carlton,MCG,0.3296,0.1254,0.0502,0.4771,0.2683,0.0925,0.0424,0.4232,8.13
"Caldwell, Jye",Essendon,Hawthorn,MCG,0.3296,0.1254,0.0502,0.5245,0.3126,0.1456,0.0563,0.4222,22.52
"Cook, Brayden",Adelaide,Collingwood,MCG,0.3296,0.1254,0.0502,0.4771,0.2685,0.0925,0.0424,0.4212,10.78
"Rioli, Maurice",Richmond,Carlton,MCG,0.3296,0.1254,0.0502,0.4771,0.2685,0.0925,0.0424,0.4204,10.68
"Culley, Jai",Melbourne,St Kilda,MCG,0.3296,0.1254,0.0502,0.4966,0.2685,0.1199,0.0424,0.419,13.03
"Langford, Harvey",Melbourne,St Kilda,MCG,0.3296,0.1254,0.0502,0.5222,0.2685,0.1199,0.0424,0.4186,15.92
"Newcombe, Jai",Hawthorn,Essendon,MCG,0.3296,0.1254,0.0502,0.5245,0.3126,0.1456,0.0563,0.4175,20.31
"Walsh, Sam",Carlton,Richmond,MCG,0.3296,0.1254,0.0502,0.5245,0.3126,0.1456,0.0583,0.4368,23.57
"McInnes, Reef",Collingwood,Adelaide,MCG,0.3296,0.1254,0.0502,0.4771,0.2685,0.0925,0.0424,0.4398,9.87
"Fisher, Zac",North Melbourne,Port Adelaide,Marvel Stadium,0.3296,0.1254,0.0502,0.4966,0.2685,0.1199,0.0424,0.4403,13.96
"Maley, Finnbar",Adelaide,Collingwood,MCG,0.3296,0.1254,0.0502,0.4771,0.2683,0.0925,0.0424,0.4596,8.58
"Banch, Zac",North Melbourne,Port Adelaide,Marvel Stadium,0.3296,0.1254,0.0502,0.4771,0.2683,0.0925,0.0424,0.4753,9.21
"Polkinghorne, James",Geelong,Fremantle,GMHBA Stadium,0.3296,0.1254,0.0502,0.4771,0.2683,0.0925,0.0424,0.4728,8.72
"Jepson, Ben",Gold Coast,West Coast,People First Stadium,0.3296,0.1254,0.0502,0.4771,0.2683,0.0925,0.0424,0.4711,8.98
"Wines, Ollie",Port Adelaide,North Melbourne,Marvel Stadium,0.3296,0.1254,0.0502,0.5245,0.3126,0.1456,0.0563,0.4664,21.05
"Gulden, Errol",Sydney,Brisbane Lions,SCG,0.3296,0.1254,0.0502,0.5245,0.3255,0.1456,0.0667,0.46,23.97
"Leake, James",Greater Western Sydney,Western Bulldogs,Marvel Stadium,0.3296,0.1254,0.0502,0.4771,0.2683,0.0925,0.0424,0.4598,9.54
"Parish, Darcy",Essendon,Hawthorn,MCG,0.3296,0.1254,0.0502,0.5245,0.4,0.1456,0.125,0.4571,25.92
"Campbell, Tom",Melbourne,St Kilda,MCG,0.3296,0.1254,0.0502,0.4771,0.2683,0.0925,0.0424,0.4434,8.91
"Wardlaw, George",North Melbourne,Port Adelaide,Marvel Stadium,0.3296,0.1254,0.0502,0.5222,0.3118,0.1301,0.0526,0.4558,16.57
"Warner, Corey",Sydney,Brisbane Lions,SCG,0.3296,0.1254,0.0502,0.4966,0.2685,0.1199,0.0424,0.4555,12.16
"Gulbin, Lachlan",Gold Coast,West Coast,People First Stadium,0.3296,0.1254,0.0502,0.4771,0.2683,0.0925,0.0424,0.4547,9.14
"Draper, Sam",Brisbane Lions,Sydney,SCG,0.3296,0.1254,0.0502,0.4771,0.2683,0.0925,0.0424,0.4543,8.87
"McKenna, Conor",Brisbane Lions,Sydney,SCG,0.3296,0.1254,0.0502,0.4771,0.2683,0.0925,0.0424,0.4515,8.6
"Green, Tom",Greater Western Sydney,Western Bulldogs,Marvel Stadium,0.3296,0.1254,0.0502,0.5245,0.4,0.1456,0.125,0.444,25.65
"Flanders, Sam",St Kilda,Melbourne,MCG,0.3296,0.1254,0.0502,0.4771,0.2683,0.0925,0.0424,0.4129,9.53
"Butters, Zak",Port Adelaide,North Melbourne,Marvel Stadium,0.3296,0.1254,0.0502,0.5245,0.4,0.1456,0.125,0.4073,26.02
"Steele, Jack",Melbourne,St Kilda,MCG,0.3296,0.1254,0.0502,0.4771,0.2685,0.0925,0.0424,0.4067,9.78
"Nash, Conor",Hawthorn,Essendon,MCG,0.3296,0.1254,0.0496,0.5245,0.3126,0.1456,0.0526,0.3567,19.49
"Moraes, Christian",Port Adelaide,North Melbourne,Marvel Stadium,0.3296,0.1254,0.0502,0.4966,0.2685,0.1199,0.0424,0.3733,11.12
"Brodie, Will",Port Adelaide,North Melbourne,Marvel Stadium,0.3296,0.1254,0.0502,0.4771,0.2683,0.0925,0.0424,0.3725,9.32
"Wehr, Jacob",Port Adelaide,North Melbourne,Marvel Stadium,0.3296,0.1254,0.0502,0.4771,0.2683,0.0925,0.0424,0.3723,9.13
"Laverde, Jayden",Greater Western Sydney,Western Bulldogs,Marvel Stadium,0.3296,0.1254,0.0502,0.4771,0.2683,0.0925,0.0424,0.3676,9.13
"Sparrow, Tom",Melbourne,St Kilda,MCG,0.3296,0.1254,0.0502,0.4966,0.2685,0.1199,0.0424,0.3664,14.5
"Ralphsmith, Hugo",Richmond,Carlton,MCG,0.3296,0.1254,0.0502,0.4966,0.2685,0.1199,0.0424,0.363,12.84
"Merrett, Zach",Essendon,Hawthorn,MCG,0.3296,0.1254,0.0502,0.5245,0.4,0.1456,0.125,0.3554,26.17
"Oliver, Clayton",Greater Western Sydney,Western Bulldogs,Marvel Stadium,0.3296,0.1254,0.0502,0.4771,0.2683,0.0925,0.0424,0.3763,9.39
"Duursma, Xavier",Essendon,Hawthorn,MCG,0.3296,0.1254,0.0502,0.5245,0.3126,0.1301,0.0526,0.3534,17.15
"Bergman, Miles",Port Adelaide,North Melbourne,Marvel Stadium,0.3296,0.1254,0.0502,0.5222,0.3118,0.1301,0.0526,0.351,16.83
"Carroll, Jack",St Kilda,Melbourne,MCG,0.3296,0.1254,0.0502,0.4771,0.2683,0.0925,0.0424,0.3503,9.28
"Gawn, Max",Melbourne,St Kilda,MCG,0.3296,0.1254,0.0496,0.5245,0.3126,0.1456,0.0526,0.3501,18.99
"Peatling, James",Adelaide,Collingwood,MCG,0.3296,0.1254,0.0502,0.4966,0.2685,0.1199,0.0424,0.3479,14.33
"Zorko, Dayne",Brisbane Lions,Sydney,SCG,0.3296,0.1254,0.0502,0.5245,0.3126,0.1456,0.0563,0.3469,23.05
"Hewett, Elijah",West Coast,Gold Coast,People First Stadium,0.3296,0.1254,0.0502,0.4966,0.2685,0.1199,0.0424,0.3761,15.11
"Thomas, Harvey",Greater Western Sydney,Western Bulldogs,Marvel Stadium,0.3296,0.1254,0.0502,0.4966,0.2685,0.1199,0.0424,0.3766,12.44
"Delana, Josaia",Greater Western Sydney,Western Bulldogs,Marvel Stadium,0.3296,0.1254,0.0502,0.4771,0.2683,0.0925,0.0424,0.4047,8.51
"Hotton, Taj",Richmond,Carlton,MCG,0.3296,0.1254,0.0502,0.4966,0.2685,0.1199,0.0424,0.3962,11.6
"Callaghan, Finn",Greater Western Sydney,Western Bulldogs,Marvel Stadium,0.3296,0.1254,0.0502,0.5245,0.4,0.1456,0.125,0.4007,26.08
"De Koning, Tom",St Kilda,Melbourne,MCG,0.3296,0.1254,0.0502,0.4771,0.2683,0.0925,0.0424,0.3996,9.41
"Liberatore, Tom",Western Bulldogs,Greater Western Sydney,Marvel Stadium,0.3296,0.1254,0.0502,0.5245,0.3126,0.1456,0.0563,0.3974,20.73
"Blakey, Nick",Sydney,Brisbane Lions,SCG,0.3296,0.1254,0.0502,0.5245,0.3126,0.1456,0.0563,0.3969,20.37
"Soligo, Jake",Adelaide,Collingwood,MCG,0.3296,0.1254,0.0502,0.5222,0.3118,0.1301,0.0526,0.3964,17.05
"Dowling, Billy",Adelaide,Collingwood,MCG,0.3296,0.1254,0.0502,0.4966,0.2685,0.1199,0.0424,0.3963,14.56
"Crisp, Jack",Collingwood,Adelaide,MCG,0.3296,0.1254,0.0502,0.5245,0.3126,0.1456,0.0526,0.3945,19.34
"Drew, Willem",Port Adelaide,North Melbourne,Marvel Stadium,0.3296,0.1254,0.0502,0.5222,0.3118,0.1301,0.0526,0.3784,16.58
"Fiorini, Brayden",Essendon,Hawthorn,MCG,0.3296,0.1254,0.0502,0.4771,0.2685,0.0925,0.0424,0.3912,10.06
"Worpel, James",Geelong,Fremantle,GMHBA Stadium,0.3296,0.1254,0.0502,0.4771,0.2685,0.0925,0.0424,0.3878,9.66
"Schoenberg, Harry",West Coast,Gold Coast,People First Stadium,0.3296,0.1254,0.0502,0.4771,0.2683,0.0925,0.0424,0.3877,9.18
"Cox, Nik",Essendon,Hawthorn,MCG,0.3296,0.1254,0.0502,0.4966,0.2685,0.1199,0.0424,0.3843,13.5
"Jordon, James",Sydney,Brisbane Lions,SCG,0.3296,0.1254,0.0502,0.4966,0.2685,0.1199,0.0424,0.3806,14.44
"Stephens, Dylan",North Melbourne,Port Adelaide,Marvel Stadium,0.3296,0.1254,0.0502,0.5222,0.2788,0.1301,0.0526,0.3803,16.41
"Henry, Liam",St Kilda,Melbourne,MCG,0.3296,0.1254,0.0502,0.4771,0.2685,0.0925,0.0424,0.4769,10.73
"Smith, Bailey",Geelong,Fremantle,GMHBA Stadium,0.3296,0.1254,0.0502,0.5294,0.4,0.1456,0.125,0.4809,27.96
"Buller, Jack",Collingwood,Adelaide,MCG,0.3296,0.1254,0.0502,0.4771,0.2683,0.0925,0.0424,0.6519,9.11
"Butler, Sam",Hawthorn,Essendon,MCG,0.3296,0.1254,0.0502,0.4966,0.2685,0.1199,0.0424,0.4886,11.66
"Long, Noah",West Coast,Gold Coast,People First Stadium,0.3296,0.1254,0.0502,0.4771,0.2685,0.0925,0.0424,0.598,10.54
"Reidy, Liam",Carlton,Richmond,MCG,0.3296,0.1254,0.0502,0.4771,0.2683,0.0925,0.0424,0.593,8.73
"Sidebottom, Steele",Collingwood,Adelaide,MCG,0.3296,0.1254,0.0502,0.5222,0.2788,0.1301,0.0526,0.5914,16.52
"Kennedy, Matthew",Western Bulldogs,Greater Western Sydney,Marvel Stadium,0.3296,0.1254,0.0502,0.5245,0.3126,0.1301,0.0526,0.582,17.19
"Hayes, Will",Collingwood,Adelaide,MCG,0.3296,0.1254,0.0502,0.4771,0.2685,0.0925,0.0424,0.5775,10.33
"Coleman-Jones, Callum",North Melbourne,Port Adelaide,Marvel Stadium,0.3296,0.1254,0.0502,0.4771,0.2685,0.0925,0.0424,0.5767,9.97
"Sharp, Harry",Melbourne,St Kilda,MCG,0.3296,0.1254,0.0502,0.4771,0.2685,0.0925,0.0424,0.5754,9.89
"Whitlock, Matt",North Melbourne,Port Adelaide,Marvel Stadium,0.3296,0.1254,0.0502,0.4771,0.2685,0.0925,0.0424,0.5745,9.65
"Chesser, Campbell",Carlton,Richmond,MCG,0.3296,0.1254,0.0502,0.4771,0.2683,0.0925,0.0424,0.5744,9.53
"Switkowski, Sam",Fremantle,Geelong,GMHBA Stadium,0.3296,0.1254,0.0502,0.4966,0.2685,0.1199,0.0424,0.5717,12.53
"Holmes, Max",Geelong,Fremantle,GMHBA Stadium,0.3296,0.1254,0.0502,0.5245,0.4,0.1456,0.125,0.567,25.67
"Chandler, Kade",Melbourne,St Kilda,MCG,0.3296,0.1254,0.0502,0.4966,0.2685,0.1199,0.0424,0.5663,14.31
"Lipinski, Patrick",Collingwood,Adelaide,MCG,0.3296,0.1254,0.0502,0.4966,0.2685,0.1199,0.0424,0.5629,14.43
"Green, Steely",Richmond,Carlton,MCG,0.3296,0.1254,0.0502,0.4771,0.2683,0.0925,0.0424,0.5534,9.43
"Rozee, Connor",Port Adelaide,North Melbourne,Marvel Stadium,0.3296,0.1254,0.0502,0.5245,0.3126,0.1456,0.0667,0.5527,23.67
"Jones, Harry",Essendon,Hawthorn,MCG,0.3296,0.1254,0.0502,0.4966,0.2685,0.1199,0.0424,0.5982,12.13
"Florent, Oliver",Carlton,Richmond,MCG,0.3296,0.1254,0.0502,0.4771,0.2685,0.0925,0.0424,0.5989,10.12
"Fawcett, Liam",Richmond,Carlton,MCG,0.3296,0.1254,0.0502,0.4771,0.2683,0.0925,0.0424,0.6004,9.13
"Ashcroft, Will",Brisbane Lions,Sydney,SCG,0.3296,0.1254,0.0502,0.5245,0.3126,0.1456,0.0563,0.6275,23.22
"Balta, Noah",Richmond,Carlton,MCG,0.3296,0.1254,0.0502,0.4966,0.2685,0.1199,0.0424,0.6492,11.85
"Lombard, Leo",Gold Coast,West Coast,People First Stadium,0.3296,0.1254,0.0502,0.4771,0.2685,0.0925,0.0424,0.6467,9.89
"Reid, Harley",West Coast,Gold Coast,People First Stadium,0.3296,0.1254,0.0502,0.5245,0.3126,0.1301,0.0526,0.6402,17.74
"Sheezel, Harry",North Melbourne,Port Adelaide,Marvel Stadium,0.3296,0.1254,0.0502,0.5294,0.4,0.2,0.125,0.6341,29.78
"May, Archie",Essendon,Hawthorn,MCG,0.3296,0.1254,0.0502,0.4771,0.2685,0.0925,0.0424,0.6285,10.17
"West, Charlie",Collingwood,Adelaide,MCG,0.3296,0.1254,0.0502,0.4771,0.2683,0.0925,0.0424,0.6283,9.33
"McLachlan, Will",Brisbane Lions,Sydney,SCG,0.3296,0.1254,0.0502,0.4771,0.2683,0.0925,0.0424,0.6225,8.22
"Spargo, Charlie",North Melbourne,Port Adelaide,Marvel Stadium,0.3296,0.1254,0.0502,0.4771,0.2685,0.0925,0.0424,0.6012,9.92
"Silvagni, Jack",St Kilda,Melbourne,MCG,0.3296,0.1254,0.0502,0.4771,0.2683,0.0925,0.0424,0.613,9.27
"Heath, Max",Melbourne,St Kilda,MCG,0.3296,0.1254,0.0502,0.4771,0.2683,0.0925,0.0424,0.6124,8.98
"Brockman, Tyler",West Coast,Gold Coast,People First Stadium,0.3296,0.1254,0.0502,0.4771,0.2685,0.0925,0.0424,0.61,9.92
"Harmes, James",Western Bulldogs,Greater Western Sydney,Marvel Stadium,0.3296,0.1254,0.0502,0.4966,0.2685,0.1199,0.0424,0.6084,13.99
"Holman, Nick",Gold Coast,West Coast,People First Stadium,0.3296,0.1254,0.0502,0.4966,0.2685,0.1199,0.0424,0.6056,11.07
"Phillipou, Mattaes",St Kilda,Melbourne,MCG,0.3296,0.1254,0.0502,0.4966,0.2685,0.1199,0.0424,0.6032,11.32
"Acres, Blake",Carlton,Richmond,MCG,0.3296,0.1254,0.0502,0.5245,0.3126,0.1456,0.0526,0.5519,19.27
"Durham, Sam",Essendon,Hawthorn,MCG,0.3296,0.1254,0.0502,0.5245,0.3126,0.1456,0.0526,0.5496,18.68
"Marshall, Rowan",St Kilda,Melbourne,MCG,0.3296,0.1254,0.0502,0.5222,0.3118,0.1301,0.0526,0.5488,16.85
"Simpkin, Jy",North Melbourne,Port Adelaide,Marvel Stadium,0.3296,0.1254,0.0502,0.5245,0.3126,0.1456,0.0563,0.4963,22.63
"Daniels, Brent",Greater Western Sydney,Western Bulldogs,Marvel Stadium,0.3296,0.1254,0.0502,0.4966,0.2685,0.1199,0.0424,0.5079,12.52
"Duursma, Zane",North Melbourne,Port Adelaide,Marvel Stadium,0.3296,0.1254,0.0502,0.4771,0.2685,0.1199,0.0424,0.5079,11.02
"Sims, Tom",Richmond,Carlton,MCG,0.3296,0.1254,0.0502,0.4771,0.2683,0.0925,0.0424,0.5053,9.62
"Perkins, Archie",Essendon,Hawthorn,MCG,0.3296,0.1254,0.0502,0.4966,0.2685,0.1199,0.0424,0.4994,13.97
"Tholstrup, Koltyn",Melbourne,St Kilda,MCG,0.3296,0.1254,0.0502,0.4771,0.2685,0.0925,0.0424,0.4976,10.26
"Unwin, Rhys",Essendon,Hawthorn,MCG,0.3296,0.1254,0.0502,0.4771,0.2685,0.0925,0.0424,0.4974,10.04
"Reid, Archer",West Coast,Gold Coast,People First Stadium,0.3296,0.1254,0.0502,0.4771,0.2683,0.0925,0.0424,0.4945,8.6
"Vandermeer, Laitham",Western Bulldogs,Greater Western Sydney,Marvel Stadium,0.3296,0.1254,0.0502,0.4771,0.2685,0.0925,0.0424,0.5099,10.34
"Taranto, Tim",Richmond,Carlton,MCG,0.3296,0.1254,0.0502,0.5245,0.3126,0.1456,0.0563,0.4943,20.67
"Blicavs, Mark",Geelong,Fremantle,GMHBA Stadium,0.3296,0.1254,0.0502,0.4966,0.2685,0.1199,0.0424,0.4923,13.92
"Rowbottom, James",Sydney,Brisbane Lions,SCG,0.3296,0.1254,0.0502,0.4966,0.2685,0.1199,0.0424,0.4913,13.46
"Garcia, Riley",Western Bulldogs,Greater Western Sydney,Marvel Stadium,0.3296,0.1254,0.0502,0.4966,0.2685,0.1199,0.0424,0.4912,12.2
"Ah Chee, Callum",Adelaide,Collingwood,MCG,0.3296,0.1254,0.0502,0.4771,0.2683,0.0925,0.0424,0.4895,9.46
"Kelly, Josh",Greater Western Sydney,Western Bulldogs,Marvel Stadium,0.3296,0.1254,0.0502,0.4966,0.2685,0.1199,0.0424,0.4894,15.01
"Newton, Jacob",West Coast,Gold Coast,People First Stadium,0.3296,0.1254,0.0502,0.4771,0.2683,0.0925,0.0424,0.509,8.17
"Davies, Alex",Gold Coast,West Coast,People First Stadium,0.3296,0.1254,0.0502,0.5222,0.3118,0.1301,0.0526,0.5112,16.86
"Powell, Tom",North Melbourne,Port Adelaide,Marvel Stadium,0.3296,0.1254,0.0502,0.5245,0.3126,0.1456,0.0526,0.5478,18.9
"Maginness, Finn",Hawthorn,Essendon,MCG,0.3296,0.1254,0.0502,0.4966,0.2685,0.1199,0.0424,0.5325,12.11
"Moyle, Ned",Gold Coast,West Coast,People First Stadium,0.3296,0.1254,0.0502,0.4966,0.2685,0.1199,0.0424,0.5475,11.56
"Miers, Gryan",Geelong,Fremantle,GMHBA Stadium,0.3296,0.1254,0.0502,0.5245,0.3126,0.1456,0.0526,0.5454,19.28
"Hynes, Cooper",Western Bulldogs,Greater Western Sydney,Marvel Stadium,0.3296,0.1254,0.0502,0.4771,0.2683,0.0925,0.0424,0.5454,8.96
"McCreery, Beau",Collingwood,Adelaide,MCG,0.3296,0.1254,0.0502,0.4966,0.2685,0.1199,0.0424,0.5438,14.18
"Soldo, Ivan",Port Adelaide,North Melbourne,Marvel Stadium,0.3296,0.1254,0.0502,0.4771,0.2685,0.0925,0.0424,0.5415,10.96
"Weller, Lachie",Gold Coast,West Coast,People First Stadium,0.3296,0.1254,0.0502,0.5222,0.3118,0.1301,0.0526,0.539,16.77
"Dawson, Jordan",Adelaide,Collingwood,MCG,0.3296,0.1254,0.0502,0.5245,0.3126,0.1456,0.0563,0.5316,19.71
"Stevens, George",Geelong,Fremantle,GMHBA Stadium,0.3296,0.1254,0.0502,0.4966,0.2685,0.1199,0.0424,0.5124,11.83
"Ladhams, Peter",Sydney,Brisbane Lions,SCG,0.3296,0.1254,0.0502,0.4966,0.2685,0.1199,0.0424,0.5306,11.11
"Weddle, Josh",Hawthorn,Essendon,MCG,0.3296,0.1254,0.0502,0.4966,0.2685,0.1199,0.0424,0.5252,14.43
"Treloar, Adam",Western Bulldogs,Greater Western Sydney,Marvel Stadium,0.3296,0.1254,0.0502,0.5245,0.3126,0.1456,0.0526,0.5211,19.17
"Neal-Bullen, Alex",Adelaide,Collingwood,MCG,0.3296,0.1254,0.0502,0.4966,0.2685,0.1199,0.0424,0.5173,14.23
"Ryan, Samson",Richmond,Carlton,MCG,0.3296,0.1254,0.0502,0.4771,0.2685,0.0925,0.0424,0.5148,10.43
"Neale, Lachie",Brisbane Lions,Sydney,SCG,0.3296,0.1254,0.0502,0.5245,0.3126,0.1456,0.0563,0.5135,21.45
"Ryan, Luke",Fremantle,Geelong,GMHBA Stadium,0.3296,0.1254,0.0496,0.5245,0.3126,0.1301,0.0526,0.037,17.84
